USE [VICSS_DEV]
GO

INSERT [centre] ([id], [ctr_code], [ctr_name], [ctr_chi_name], [ctr_addr], [ctr_chi_addr], [ctr_phone1], [ctr_phone2], [ctr_begin_date], [ctr_end_date], [ctr_mon_oprt_time_start], [ctr_mon_oprt_time_end], [ctr_tue_oprt_time_start], [ctr_tue_oprt_time_end], [ctr_wed_oprt_time_start], [ctr_wed_oprt_time_end], [ctr_thu_oprt_time_start], [ctr_thu_oprt_time_end], [ctr_fri_oprt_time_start], [ctr_fri_oprt_time_end], [ctr_sat_oprt_time_start], [ctr_sat_oprt_time_end], [ctr_sun_oprt_time_start], [ctr_sun_oprt_time_end], [last_rec_txn_datetime], [last_rec_txn_type_code], [last_rec_txn_user_id]) VALUES (N'18a823f3-167c-4394-96c0-cbbff6c3ee51', N'TY2', N'KOWLOON BAY VEHICLE EXAMINATION CENTRE', N'KOWLOON BAY VEHICLE EXAMINATION CENTRE', N'20 Sai Tso Wan Road Tsing Yi Hong Kong', N'20 Sai Tso Wan Road Tsing Yi Hong Kong', N'+85211111111', N'+95211111111', CAST(N'2024-05-03T17:11:13.143' AS DateTime), CAST(N'2024-07-03T17:11:13.143' AS DateTime), N'0900', N'2100', N'0900', N'2100', N'0900', N'2100', N'0900', N'2100', N'0900', N'2100', N'0900', N'2100', N'-', N'-', CAST(N'2024-05-03T13:03:01.887' AS DateTime), N'I', N'Admin')
GO

INSERT [lane] ([id], [ctr_id], [lane_name], [lane_type], [lane_description], [lane_actv_ind], [default_capacity], [last_rec_txn_datetime], [last_rec_txn_type_code], [last_rec_txn_user_id]) 
VALUES (N'da862420-7e3d-4a1d-9b40-c9167f6a18f9', N'9242E680-CDE1-4683-A2F1-484C70F8A158', N'30', N'physical', N'Lane 30', N'Y', 10, CAST(N'2024-05-05T09:59:12.917' AS DateTime), N'I', N'Admin')
GO

INSERT  [lane_avail_insp_type] ([id], [lane_id], [insp_type_id]) VALUES (NEWID(), N'A8F9AA4B-0313-45C9-9C66-DD76B54ED602', N'377424D5-FE75-46D7-8513-A4C11B9CFE1A')
INSERT  [lane_avail_insp_type] ([id], [lane_id], [insp_type_id]) VALUES (NEWID(), N'A8F9AA4B-0313-45C9-9C66-DD76B54ED602', N'BB50296A-7F36-443C-A877-0E5886A5879D')
INSERT  [lane_avail_insp_type] ([id], [lane_id], [insp_type_id]) VALUES (NEWID(), N'A8F9AA4B-0313-45C9-9C66-DD76B54ED602', N'C7DA445C-FFF6-48D6-8158-14D1EE89EACC')
INSERT  [lane_avail_insp_type] ([id], [lane_id], [insp_type_id]) VALUES (NEWID(), N'A8F9AA4B-0313-45C9-9C66-DD76B54ED602', N'D104B5DF-8986-4F46-BE9F-79B1A1F0828E')
INSERT  [lane_avail_insp_type] ([id], [lane_id], [insp_type_id]) VALUES (NEWID(), N'A8F9AA4B-0313-45C9-9C66-DD76B54ED602', N'D3B6BA33-B689-416E-9218-84A00D398E49')
INSERT  [lane_avail_insp_type] ([id], [lane_id], [insp_type_id]) VALUES (NEWID(), N'A8F9AA4B-0313-45C9-9C66-DD76B54ED602', N'D8504B77-E541-4532-9E01-8631AA7B4618')
INSERT  [lane_avail_insp_type] ([id], [lane_id], [insp_type_id]) VALUES (NEWID(), N'A8F9AA4B-0313-45C9-9C66-DD76B54ED602', N'FE637C33-679B-40F4-AE09-D62B53A22E9A')
GO

INSERT [vehicle] ([id], [vhcl_rec_type_code], [vhcl_valid_id], [vhcl_reg_mark_num], [vhcl_clss_id], [vhcl_form], [vhcl_alert_id], [vhcl_last_allow_appt_date], [vhcl_chsss_num], [vhcl_chsss_location], [vin_location], [cntry_id], [vhcl_make_id], [vhcl_mfc_year], [vhcl_num_axle], [vhcl_axle_weight_1], [vhcl_axle_weight_2], [vhcl_axle_weight_3], [vhcl_axle_weight_4], [vhcl_axle_weight_5], [vhcl_axle_weight_6], [vhcl_axle_weight_7], [vhcl_axle_weight_8], [vhcl_tyre_size_1], [vhcl_tyre_size_2], [vhcl_tyre_size_3], [vhcl_tyre_size_4], [vhcl_tyre_size_5], [vhcl_tyre_size_6], [vhcl_tyre_size_7], [vhcl_tyre_size_8], [vhcl_tyre_size_front], [vhcl_tyre_size_rear], [size_l], [size_w], [size_h], [vhcl_wght_code], [vhcl_pgv_wght], [vhcl_grs_wght], [vhcl_lug_wght], [vhcl_owner_name_chi], [vhcl_owner_name_eng], [vhcl_contact_person], [vhcl_telephone_no], [vhcl_district_code], [vhcl_district_location], [vhcl_district_location_chi_name], [vhcl_sts_id], [vhcl_model_num], [vhcl_model_id], [vhcl_body_type_id], [vhcl_lower_seat_cap_qty], [vhcl_upper_seat_cap_qty], [vhcl_stand_cap_qty], [vhcl_lic_end_date], [vhcl_frst_reg_date], [vhcl_propulsion], [vhcl_engn_num], [vhcl_engn_type_id], [vhcl_engn_size_qty], [vhcl_engn_make], [vhcl_service_brake], [vhcl_parking_brake], [vhcl_steering_system], [vhcl_left_hand_strg_ind], [vhcl_type_aprv_num], [vhcl_prmy_color_id], [vhcl_scnd_color_id], [vhcl_cncl_rsn_id], [vhcl_insp_ord_id], [lantau_vhcl_ind], [prvt_road_vhcl_ind], [vhcl_pvrm_trim_text], [vhcl_pvrm_dbl_line_ind], [vhcl_pvrm_line_1_text], [vhcl_pvrm_line_2_text], [vhcl_rate_pwr], [vhcl_rate_rpm], [vhcl_max_rpm], [vhcl_wheel_span], [vhcl_vico_date], [adv_aprv_date], [vhcl_cur_rnw_date], [vhcl_srvc_annot_text], [vhcl_srvc_rstr_text], [hybd_vhcl_ind], [ce_ref_num], [vhcl_reg_doc_txn_num], [vhcl_psl_list], [vhcl_prm_list], [vhcl_permit_num], [vhcl_vv_num], [vhcl_mve_insp_date], [vhcl_rmk_text], [manual_message_eng], [manual_message_chi], [last_rec_txn_datetime], [last_rec_txn_type_code], [last_rec_txn_user_id], [vhcl_type_aprv_ref_num]) 
VALUES (N'21272434-09A1-4E43-9980-7F26820540BE', N'NV', N'002695149', N'YYY1799', N'92238E80-6125-4FD3-B50C-7290A85928B3', N'1', NULL, NULL, N'YTGFN418802001900', N'S/N', N'Hong kong', NULL, N'C102E9B5-8C96-42C3-8680-C6C4A80AC5E3', 2024, 8, CAST(10.20 AS Numeric(6, 2)), CAST(10.20 AS Numeric(6, 2)), CAST(10.20 AS Numeric(6, 2)), CAST(10.20 AS Numeric(6, 2)), CAST(10.20 AS Numeric(6, 2)), CAST(10.20 AS Numeric(6, 2)), CAST(10.20 AS Numeric(6, 2)), CAST(10.20 AS Numeric(6, 2)), CAST(205.13 AS Numeric(6, 2)), CAST(205.13 AS Numeric(6, 2)), CAST(205.13 AS Numeric(6, 2)), CAST(205.13 AS Numeric(6, 2)), CAST(205.13 AS Numeric(6, 2)), CAST(205.13 AS Numeric(6, 2)), CAST(205.13 AS Numeric(6, 2)), CAST(205.13 AS Numeric(6, 2)), CAST(205.13 AS Numeric(6, 2)), CAST(205.13 AS Numeric(6, 2)), CAST(1900.03 AS Numeric(6, 2)), CAST(4.50 AS Numeric(6, 2)), CAST(5.10 AS Numeric(6, 2)), CAST(16.00 AS Numeric(6, 2)), CAST(0.00 AS Numeric(6, 2)), CAST(0.00 AS Numeric(6, 2)), CAST(0.00 AS Numeric(6, 2)), NULL, N'Tom', N'Tom', N'9876543123', N'LAMMA ISLAND', N'YUNG SHUE WAN', NULL, NULL, N'EEE57FBD-8CBF-4B20-8284-A8CD38F5898E', N'EEE57FBD-8CBF-4B20-8284-A8CD38F5898E', NULL, 6, 0, 0, CAST(N'2025-08-20T16:14:56.523' AS DateTime), CAST(N'2020-08-20T16:14:56.523' AS DateTime), NULL, N'2GR-0699562', NULL, CAST(3456 AS Numeric(5, 0)), N'HYUNDAI', N'HYDRAULIC FRONT & REAR', N'MECHANICAL REAR WHEEL', N'HYDRAULIC ASSISTANCE', N'N', N'40261004', NULL, NULL, NULL, NULL, N'N', N'N', N'CDRAG0N7', N'N', N'BLAN', N'BLAN', CAST(114.00 AS Numeric(9, 2)), CAST(114.00 AS Numeric(9, 2)), CAST(1400.00 AS Numeric(9, 2)), CAST(1100.00 AS Numeric(9, 2)), CAST(N'2024-03-20T16:14:56.523' AS DateTime), CAST(N'2024-05-20T16:14:56.523' AS DateTime), CAST(N'2024-06-20T16:14:56.523' AS DateTime), N'Y', NULL, N'N', N'002963-02-0006', N'E09-0036', N'12390CC02', N'1902572CPW', N'003665', N'VV3665', NULL, N'Test Vehicle', N'Okay', NULL, CAST(N'2024-05-02T10:14:44.167' AS DateTime), N'I', N'Admin', N'40261008')
GO
INSERT [vehicle] ([id], [vhcl_rec_type_code], [vhcl_valid_id], [vhcl_reg_mark_num], [vhcl_clss_id], [vhcl_form], [vhcl_alert_id], [vhcl_last_allow_appt_date], [vhcl_chsss_num], [vhcl_chsss_location], [vin_location], [cntry_id], [vhcl_make_id], [vhcl_mfc_year], [vhcl_num_axle], [vhcl_axle_weight_1], [vhcl_axle_weight_2], [vhcl_axle_weight_3], [vhcl_axle_weight_4], [vhcl_axle_weight_5], [vhcl_axle_weight_6], [vhcl_axle_weight_7], [vhcl_axle_weight_8], [vhcl_tyre_size_1], [vhcl_tyre_size_2], [vhcl_tyre_size_3], [vhcl_tyre_size_4], [vhcl_tyre_size_5], [vhcl_tyre_size_6], [vhcl_tyre_size_7], [vhcl_tyre_size_8], [vhcl_tyre_size_front], [vhcl_tyre_size_rear], [size_l], [size_w], [size_h], [vhcl_wght_code], [vhcl_pgv_wght], [vhcl_grs_wght], [vhcl_lug_wght], [vhcl_owner_name_chi], [vhcl_owner_name_eng], [vhcl_contact_person], [vhcl_telephone_no], [vhcl_district_code], [vhcl_district_location], [vhcl_district_location_chi_name], [vhcl_sts_id], [vhcl_model_num], [vhcl_model_id], [vhcl_body_type_id], [vhcl_lower_seat_cap_qty], [vhcl_upper_seat_cap_qty], [vhcl_stand_cap_qty], [vhcl_lic_end_date], [vhcl_frst_reg_date], [vhcl_propulsion], [vhcl_engn_num], [vhcl_engn_type_id], [vhcl_engn_size_qty], [vhcl_engn_make], [vhcl_service_brake], [vhcl_parking_brake], [vhcl_steering_system], [vhcl_left_hand_strg_ind], [vhcl_type_aprv_num], [vhcl_prmy_color_id], [vhcl_scnd_color_id], [vhcl_cncl_rsn_id], [vhcl_insp_ord_id], [lantau_vhcl_ind], [prvt_road_vhcl_ind], [vhcl_pvrm_trim_text], [vhcl_pvrm_dbl_line_ind], [vhcl_pvrm_line_1_text], [vhcl_pvrm_line_2_text], [vhcl_rate_pwr], [vhcl_rate_rpm], [vhcl_max_rpm], [vhcl_wheel_span], [vhcl_vico_date], [adv_aprv_date], [vhcl_cur_rnw_date], [vhcl_srvc_annot_text], [vhcl_srvc_rstr_text], [hybd_vhcl_ind], [ce_ref_num], [vhcl_reg_doc_txn_num], [vhcl_psl_list], [vhcl_prm_list], [vhcl_permit_num], [vhcl_vv_num], [vhcl_mve_insp_date], [vhcl_rmk_text], [manual_message_eng], [manual_message_chi], [last_rec_txn_datetime], [last_rec_txn_type_code], [last_rec_txn_user_id], [vhcl_type_aprv_ref_num])
VALUES (N'2D4D7FA5-B10C-4CE6-AA71-61D02BCB18A9', N'NV', N'002695444', N'TTT1899', N'92238E80-6125-4FD3-B50C-7290A85928B3', N'1', NULL, NULL, N'XTGFN418802001300', N'S/N', N'Hong kong', NULL, N'C102E9B5-8C96-42C3-8680-C6C4A80AC5E3', 2024, 8, CAST(10.20 AS Numeric(6, 2)), CAST(10.20 AS Numeric(6, 2)), CAST(10.20 AS Numeric(6, 2)), CAST(10.20 AS Numeric(6, 2)), CAST(10.20 AS Numeric(6, 2)), CAST(10.20 AS Numeric(6, 2)), CAST(10.20 AS Numeric(6, 2)), CAST(10.20 AS Numeric(6, 2)), CAST(205.13 AS Numeric(6, 2)), CAST(205.13 AS Numeric(6, 2)), CAST(205.13 AS Numeric(6, 2)), CAST(205.13 AS Numeric(6, 2)), CAST(205.13 AS Numeric(6, 2)), CAST(205.13 AS Numeric(6, 2)), CAST(205.13 AS Numeric(6, 2)), CAST(205.13 AS Numeric(6, 2)), CAST(205.13 AS Numeric(6, 2)), CAST(205.13 AS Numeric(6, 2)), CAST(1900.03 AS Numeric(6, 2)), CAST(4.50 AS Numeric(6, 2)), CAST(5.10 AS Numeric(6, 2)), CAST(16.00 AS Numeric(6, 2)), CAST(0.00 AS Numeric(6, 2)), CAST(0.00 AS Numeric(6, 2)), CAST(0.00 AS Numeric(6, 2)), NULL, N'Sai', N'Sai', N'9878943123', N'LAMMA ISLAND', N'YUNG SHUE WAN', NULL, NULL, N'EEE57FBD-8CBF-4B20-8284-A8CD38F5898E', N'EEE57FBD-8CBF-4B20-8284-A8CD38F5898E', NULL, 6, 0, 0, CAST(N'2025-08-21T16:14:56.523' AS DateTime), CAST(N'2020-08-21T16:14:56.523' AS DateTime), NULL, N'2GR-099562', NULL, CAST(3456 AS Numeric(5, 0)), N'HYUNDAI', N'HYDRAULIC FRONT & REAR', N'MECHANICAL REAR WHEEL', N'HYDRAULIC ASSISTANCE', N'N', N'40261005', NULL, NULL, NULL, NULL, N'N', N'N', N'CDRAG0N4', N'N', N'BLAN', N'BLAN', CAST(114.00 AS Numeric(9, 2)), CAST(114.00 AS Numeric(9, 2)), CAST(1400.00 AS Numeric(9, 2)), CAST(1100.00 AS Numeric(9, 2)), CAST(N'2024-03-21T16:14:56.523' AS DateTime), CAST(N'2024-05-21T16:14:56.523' AS DateTime), CAST(N'2024-06-21T16:14:56.523' AS DateTime), N'Y', NULL, N'N', N'002963-02-0007', N'E09-0036', N'12390CC02', N'1902572CPW', N'003665', N'VV3665', NULL, N'Test Vehicle', N'Okay', NULL, CAST(N'2024-05-02T11:14:44.167' AS DateTime), N'I', N'Admin', N'40261009')
GO

INSERT [LaneTimeslot] ([id], [lane_id], [start], [end], [exam_schd_desp], [capacity]) VALUES (N'A1BBB834-9957-41BB-8755-B492C91F6C07', N'A8F9AA4B-0313-45C9-9C66-DD76B54ED602', CAST(N'2024-05-02T09:00:00.000' AS DateTime), CAST(N'2025-05-02T10:00:00.000' AS DateTime), N'Exam Timetable start from 2018', 1)
GO																									
INSERT [LaneTimeslot] ([id], [lane_id], [start], [end], [exam_schd_desp], [capacity]) VALUES (N'0974C176-1CA0-45D0-8272-F4B83ADDD7B1', N'A8F9AA4B-0313-45C9-9C66-DD76B54ED602', CAST(N'2024-05-02T11:00:00.000' AS DateTime), CAST(N'2025-05-02T12:00:00.000' AS DateTime), N'Exam Timetable start from 2018', 1)
GO																								
INSERT [LaneTimeslot] ([id], [lane_id], [start], [end], [exam_schd_desp], [capacity]) VALUES (N'20B20478-EF22-42E9-BA25-09D6A0B4FAD6', N'A8F9AA4B-0313-45C9-9C66-DD76B54ED602', CAST(N'2024-05-02T12:00:00.000' AS DateTime), CAST(N'2025-05-02T13:00:00.000' AS DateTime), N'Exam Timetable start from 2018', 1)
GO																									
INSERT [LaneTimeslot] ([id], [lane_id], [start], [end], [exam_schd_desp], [capacity]) VALUES (N'3F95884C-E35F-4D14-B346-B14EA931B1CF', N'A8F9AA4B-0313-45C9-9C66-DD76B54ED602', CAST(N'2024-05-02T13:00:00.000' AS DateTime), CAST(N'2025-05-02T14:00:00.000' AS DateTime), N'Exam Timetable start from 2018', 1)
GO																									
INSERT [LaneTimeslot] ([id], [lane_id], [start], [end], [exam_schd_desp], [capacity]) VALUES (N'4A4D586D-58D0-4E90-A1D1-06326A89803B', N'A8F9AA4B-0313-45C9-9C66-DD76B54ED602', CAST(N'2024-05-02T15:00:00.000' AS DateTime), CAST(N'2025-05-02T16:00:00.000' AS DateTime), N'Exam Timetable start from 2018', 1)
GO																									
INSERT [LaneTimeslot] ([id], [lane_id], [start], [end], [exam_schd_desp], [capacity]) VALUES (N'137B9B7C-7727-4CE6-964D-62DD88BA01A8', N'A8F9AA4B-0313-45C9-9C66-DD76B54ED602', CAST(N'2024-05-02T16:00:00.000' AS DateTime), CAST(N'2025-05-02T17:00:00.000' AS DateTime), N'Exam Timetable start from 2018', 1)
GO																									
INSERT [LaneTimeslot] ([id], [lane_id], [start], [end], [exam_schd_desp], [capacity]) VALUES (N'6D59455F-42C9-43CD-9997-9345DAFA50A1', N'A8F9AA4B-0313-45C9-9C66-DD76B54ED602', CAST(N'2024-05-02T17:00:00.000' AS DateTime), CAST(N'2025-05-02T18:00:00.000' AS DateTime), N'Exam Timetable start from 2018', 1)
GO																									
INSERT [LaneTimeslot] ([id], [lane_id], [start], [end], [exam_schd_desp], [capacity]) VALUES (N'F0BDCAC6-131D-4F3B-A60F-520FB03A3E7B', N'A8F9AA4B-0313-45C9-9C66-DD76B54ED602', CAST(N'2024-05-02T18:00:00.000' AS DateTime), CAST(N'2025-05-02T19:00:00.000' AS DateTime), N'Exam Timetable start from 2018', 1)
GO																									
INSERT [LaneTimeslot] ([id], [lane_id], [start], [end], [exam_schd_desp], [capacity]) VALUES (N'6AF048C9-58A8-4570-9DFA-B79B617E102D', N'A8F9AA4B-0313-45C9-9C66-DD76B54ED602', CAST(N'2024-05-02T19:00:00.000' AS DateTime), CAST(N'2025-05-02T20:00:00.000' AS DateTime), N'Exam Timetable start from 2018', 1)
GO																									
INSERT [LaneTimeslot] ([id], [lane_id], [start], [end], [exam_schd_desp], [capacity]) VALUES (N'D20B48F4-DF10-4A20-B382-C6348B4D8CE6', N'A8F9AA4B-0313-45C9-9C66-DD76B54ED602', CAST(N'2024-05-02T20:00:00.000' AS DateTime), CAST(N'2025-05-02T21:00:00.000' AS DateTime), N'Exam Timetable start from 2018', 1)
GO

INSERT [inspection_schedule_detail] ([id], [insp_schedule_id], [physical_lane_id], [virtual_lane_id], [weekday], [timeslot], [quota], [reserve_quota], [block], [schedule_type], [day_session_code]) VALUES (N'574B1625-C3A0-4941-9E9C-7FE0C8024A68', N'E53E7839-0E3C-4326-B2A4-274B34BA3692', N'A8F9AA4B-0313-45C9-9C66-DD76B54ED602', NULL, N'Monday',    N'09:00-10:00', 5, 0, N'N', N'Regular', N'AM1')
INSERT [inspection_schedule_detail] ([id], [insp_schedule_id], [physical_lane_id], [virtual_lane_id], [weekday], [timeslot], [quota], [reserve_quota], [block], [schedule_type], [day_session_code]) VALUES (N'42E36627-1973-43ED-862C-A5F79C5C44D9', N'E53E7839-0E3C-4326-B2A4-274B34BA3692', N'A8F9AA4B-0313-45C9-9C66-DD76B54ED602', NULL, N'Tuesday',   N'09:00-10:00', 5, 0, N'N', N'Regular', N'AM1')
INSERT [inspection_schedule_detail] ([id], [insp_schedule_id], [physical_lane_id], [virtual_lane_id], [weekday], [timeslot], [quota], [reserve_quota], [block], [schedule_type], [day_session_code]) VALUES (N'38267DE5-5DAA-4520-A248-975F81D2FFEB', N'E53E7839-0E3C-4326-B2A4-274B34BA3692', N'A8F9AA4B-0313-45C9-9C66-DD76B54ED602', NULL, N'Wednesday', N'09:00-10:00', 5, 0, N'N', N'Regular', N'AM1')
INSERT [inspection_schedule_detail] ([id], [insp_schedule_id], [physical_lane_id], [virtual_lane_id], [weekday], [timeslot], [quota], [reserve_quota], [block], [schedule_type], [day_session_code]) VALUES (N'806B81D4-C92D-49DF-B7E3-2AA506DB5E8E', N'E53E7839-0E3C-4326-B2A4-274B34BA3692', N'A8F9AA4B-0313-45C9-9C66-DD76B54ED602', NULL, N'Thursday',  N'09:00-10:00', 5, 0, N'N', N'Regular', N'AM1')
INSERT [inspection_schedule_detail] ([id], [insp_schedule_id], [physical_lane_id], [virtual_lane_id], [weekday], [timeslot], [quota], [reserve_quota], [block], [schedule_type], [day_session_code]) VALUES (N'47D4EC1D-9EFF-48C4-A093-A8BE33E688A9', N'E53E7839-0E3C-4326-B2A4-274B34BA3692', N'A8F9AA4B-0313-45C9-9C66-DD76B54ED602', NULL, N'Friday',    N'09:00-10:00', 5, 0, N'N', N'Regular', N'AM1')
INSERT [inspection_schedule_detail] ([id], [insp_schedule_id], [physical_lane_id], [virtual_lane_id], [weekday], [timeslot], [quota], [reserve_quota], [block], [schedule_type], [day_session_code]) VALUES (N'2AAB2547-0922-4B6A-B000-2A0A34268DFF', N'E53E7839-0E3C-4326-B2A4-274B34BA3692', N'A8F9AA4B-0313-45C9-9C66-DD76B54ED602', NULL, N'Saturday',  N'09:00-10:00', 5, 0, N'N', N'Regular', N'AM1')
GO

INSERT [inspection_schedule_detail] ([id], [insp_schedule_id], [physical_lane_id], [virtual_lane_id], [weekday], [timeslot], [quota], [reserve_quota], [block], [schedule_type], [day_session_code]) VALUES (N'9D39BED3-2BCC-451E-9377-A6EB0C5E2F8F', N'E53E7839-0E3C-4326-B2A4-274B34BA3692', N'A8F9AA4B-0313-45C9-9C66-DD76B54ED602', NULL, N'Monday',    N'11:00-12:00', 5, 0, N'N', N'Regular', N'AM1')
INSERT [inspection_schedule_detail] ([id], [insp_schedule_id], [physical_lane_id], [virtual_lane_id], [weekday], [timeslot], [quota], [reserve_quota], [block], [schedule_type], [day_session_code]) VALUES (N'53ADF9D4-A557-43EB-83F9-B148FFD06EBE', N'E53E7839-0E3C-4326-B2A4-274B34BA3692', N'A8F9AA4B-0313-45C9-9C66-DD76B54ED602', NULL, N'Tuesday',   N'11:00-12:00', 5, 0, N'N', N'Regular', N'AM1')
INSERT [inspection_schedule_detail] ([id], [insp_schedule_id], [physical_lane_id], [virtual_lane_id], [weekday], [timeslot], [quota], [reserve_quota], [block], [schedule_type], [day_session_code]) VALUES (N'9061D542-9986-4891-8DDD-DE1A48DC20F1', N'E53E7839-0E3C-4326-B2A4-274B34BA3692', N'A8F9AA4B-0313-45C9-9C66-DD76B54ED602', NULL, N'Wednesday', N'11:00-12:00', 5, 0, N'N', N'Regular', N'AM1')
INSERT [inspection_schedule_detail] ([id], [insp_schedule_id], [physical_lane_id], [virtual_lane_id], [weekday], [timeslot], [quota], [reserve_quota], [block], [schedule_type], [day_session_code]) VALUES (N'627B5E2E-E39C-42D0-9A0F-3FB5F95E5725', N'E53E7839-0E3C-4326-B2A4-274B34BA3692', N'A8F9AA4B-0313-45C9-9C66-DD76B54ED602', NULL, N'Thursday',  N'11:00-12:00', 5, 0, N'N', N'Regular', N'AM1')
INSERT [inspection_schedule_detail] ([id], [insp_schedule_id], [physical_lane_id], [virtual_lane_id], [weekday], [timeslot], [quota], [reserve_quota], [block], [schedule_type], [day_session_code]) VALUES (N'6F3BE111-5E03-4801-9A15-C5A385CC0A1F', N'E53E7839-0E3C-4326-B2A4-274B34BA3692', N'A8F9AA4B-0313-45C9-9C66-DD76B54ED602', NULL, N'Friday',    N'11:00-12:00', 5, 0, N'N', N'Regular', N'AM1')
INSERT [inspection_schedule_detail] ([id], [insp_schedule_id], [physical_lane_id], [virtual_lane_id], [weekday], [timeslot], [quota], [reserve_quota], [block], [schedule_type], [day_session_code]) VALUES (N'2B801B13-553E-4592-8874-417F2A117789', N'E53E7839-0E3C-4326-B2A4-274B34BA3692', N'A8F9AA4B-0313-45C9-9C66-DD76B54ED602', NULL, N'Saturday',  N'11:00-12:00', 5, 0, N'N', N'Regular', N'AM1')
GO

INSERT [inspection_schedule_detail] ([id], [insp_schedule_id], [physical_lane_id], [virtual_lane_id], [weekday], [timeslot], [quota], [reserve_quota], [block], [schedule_type], [day_session_code]) VALUES (N'82600A39-AC93-4949-A439-E0E300765E79', N'E53E7839-0E3C-4326-B2A4-274B34BA3692', N'A8F9AA4B-0313-45C9-9C66-DD76B54ED602', NULL, N'Monday',    N'12:00-13:00', 5, 0, N'N', N'Regular', N'AM1')
INSERT [inspection_schedule_detail] ([id], [insp_schedule_id], [physical_lane_id], [virtual_lane_id], [weekday], [timeslot], [quota], [reserve_quota], [block], [schedule_type], [day_session_code]) VALUES (N'5B08FB6E-190E-452E-B827-2D3060411369', N'E53E7839-0E3C-4326-B2A4-274B34BA3692', N'A8F9AA4B-0313-45C9-9C66-DD76B54ED602', NULL, N'Tuesday',   N'12:00-13:00', 5, 0, N'N', N'Regular', N'AM1')
INSERT [inspection_schedule_detail] ([id], [insp_schedule_id], [physical_lane_id], [virtual_lane_id], [weekday], [timeslot], [quota], [reserve_quota], [block], [schedule_type], [day_session_code]) VALUES (N'F8E0B7C6-BDA2-466B-BCAB-EFC8088158F5', N'E53E7839-0E3C-4326-B2A4-274B34BA3692', N'A8F9AA4B-0313-45C9-9C66-DD76B54ED602', NULL, N'Wednesday', N'12:00-13:00', 5, 0, N'N', N'Regular', N'AM1')
INSERT [inspection_schedule_detail] ([id], [insp_schedule_id], [physical_lane_id], [virtual_lane_id], [weekday], [timeslot], [quota], [reserve_quota], [block], [schedule_type], [day_session_code]) VALUES (N'48E43EE4-0565-4628-8761-E636301B37BD', N'E53E7839-0E3C-4326-B2A4-274B34BA3692', N'A8F9AA4B-0313-45C9-9C66-DD76B54ED602', NULL, N'Thursday',  N'12:00-13:00', 5, 0, N'N', N'Regular', N'AM1')
INSERT [inspection_schedule_detail] ([id], [insp_schedule_id], [physical_lane_id], [virtual_lane_id], [weekday], [timeslot], [quota], [reserve_quota], [block], [schedule_type], [day_session_code]) VALUES (N'8114F9CD-523A-47B7-957D-1644F81263FB', N'E53E7839-0E3C-4326-B2A4-274B34BA3692', N'A8F9AA4B-0313-45C9-9C66-DD76B54ED602', NULL, N'Friday',    N'12:00-13:00', 5, 0, N'N', N'Regular', N'AM1')
INSERT [inspection_schedule_detail] ([id], [insp_schedule_id], [physical_lane_id], [virtual_lane_id], [weekday], [timeslot], [quota], [reserve_quota], [block], [schedule_type], [day_session_code]) VALUES (N'C039B8C4-362F-46BA-B672-E60771EE51A1', N'E53E7839-0E3C-4326-B2A4-274B34BA3692', N'A8F9AA4B-0313-45C9-9C66-DD76B54ED602', NULL, N'Saturday',  N'12:00-13:00', 5, 0, N'N', N'Regular', N'AM1')
GO

INSERT [inspection_schedule_detail] ([id], [insp_schedule_id], [physical_lane_id], [virtual_lane_id], [weekday], [timeslot], [quota], [reserve_quota], [block], [schedule_type], [day_session_code]) VALUES (N'4426B844-F969-4542-82CD-FE9CF50D8A1C', N'E53E7839-0E3C-4326-B2A4-274B34BA3692', N'A8F9AA4B-0313-45C9-9C66-DD76B54ED602', NULL, N'Monday',    N'13:00-14:00', 5, 0, N'N', N'Regular', N'AM1')
INSERT [inspection_schedule_detail] ([id], [insp_schedule_id], [physical_lane_id], [virtual_lane_id], [weekday], [timeslot], [quota], [reserve_quota], [block], [schedule_type], [day_session_code]) VALUES (N'9BB763C0-0F0E-440C-988A-96C09B10EEEE', N'E53E7839-0E3C-4326-B2A4-274B34BA3692', N'A8F9AA4B-0313-45C9-9C66-DD76B54ED602', NULL, N'Tuesday',   N'13:00-14:00', 5, 0, N'N', N'Regular', N'AM1')
INSERT [inspection_schedule_detail] ([id], [insp_schedule_id], [physical_lane_id], [virtual_lane_id], [weekday], [timeslot], [quota], [reserve_quota], [block], [schedule_type], [day_session_code]) VALUES (N'745013BF-DBBC-4A13-9EA9-3C3509C80E45', N'E53E7839-0E3C-4326-B2A4-274B34BA3692', N'A8F9AA4B-0313-45C9-9C66-DD76B54ED602', NULL, N'Wednesday', N'13:00-14:00', 5, 0, N'N', N'Regular', N'AM1')
INSERT [inspection_schedule_detail] ([id], [insp_schedule_id], [physical_lane_id], [virtual_lane_id], [weekday], [timeslot], [quota], [reserve_quota], [block], [schedule_type], [day_session_code]) VALUES (N'315028CB-9395-46CE-9B76-8242CC6B9807', N'E53E7839-0E3C-4326-B2A4-274B34BA3692', N'A8F9AA4B-0313-45C9-9C66-DD76B54ED602', NULL, N'Thursday',  N'13:00-14:00', 5, 0, N'N', N'Regular', N'AM1')
INSERT [inspection_schedule_detail] ([id], [insp_schedule_id], [physical_lane_id], [virtual_lane_id], [weekday], [timeslot], [quota], [reserve_quota], [block], [schedule_type], [day_session_code]) VALUES (N'78280B57-6171-447C-9992-2ABD8E5CD438', N'E53E7839-0E3C-4326-B2A4-274B34BA3692', N'A8F9AA4B-0313-45C9-9C66-DD76B54ED602', NULL, N'Friday',    N'13:00-14:00', 5, 0, N'N', N'Regular', N'AM1')
INSERT [inspection_schedule_detail] ([id], [insp_schedule_id], [physical_lane_id], [virtual_lane_id], [weekday], [timeslot], [quota], [reserve_quota], [block], [schedule_type], [day_session_code]) VALUES (N'09336F19-2641-43C5-ACF8-55748CDD0C83', N'E53E7839-0E3C-4326-B2A4-274B34BA3692', N'A8F9AA4B-0313-45C9-9C66-DD76B54ED602', NULL, N'Saturday',  N'13:00-14:00', 5, 0, N'N', N'Regular', N'AM1')
GO

INSERT [inspection_schedule_detail] ([id], [insp_schedule_id], [physical_lane_id], [virtual_lane_id], [weekday], [timeslot], [quota], [reserve_quota], [block], [schedule_type], [day_session_code]) VALUES (N'FDFF48C9-CFC7-46E3-8DB1-7AFEC29ADD9D', N'E53E7839-0E3C-4326-B2A4-274B34BA3692', N'A8F9AA4B-0313-45C9-9C66-DD76B54ED602', NULL, N'Monday',    N'15:00-16:00', 5, 0, N'N', N'Regular', N'PM1')
INSERT [inspection_schedule_detail] ([id], [insp_schedule_id], [physical_lane_id], [virtual_lane_id], [weekday], [timeslot], [quota], [reserve_quota], [block], [schedule_type], [day_session_code]) VALUES (N'CAF60791-4D0D-4F3F-B7A0-1E8A56A4436F', N'E53E7839-0E3C-4326-B2A4-274B34BA3692', N'A8F9AA4B-0313-45C9-9C66-DD76B54ED602', NULL, N'Tuesday',   N'15:00-16:00', 5, 0, N'N', N'Regular', N'PM1')
INSERT [inspection_schedule_detail] ([id], [insp_schedule_id], [physical_lane_id], [virtual_lane_id], [weekday], [timeslot], [quota], [reserve_quota], [block], [schedule_type], [day_session_code]) VALUES (N'8EAD1CB4-265F-490A-B7F8-CB7EB6065D89', N'E53E7839-0E3C-4326-B2A4-274B34BA3692', N'A8F9AA4B-0313-45C9-9C66-DD76B54ED602', NULL, N'Wednesday', N'15:00-16:00', 5, 0, N'N', N'Regular', N'PM1')
INSERT [inspection_schedule_detail] ([id], [insp_schedule_id], [physical_lane_id], [virtual_lane_id], [weekday], [timeslot], [quota], [reserve_quota], [block], [schedule_type], [day_session_code]) VALUES (N'CE6E2A54-1233-404A-880B-5AF7CA287B2A', N'E53E7839-0E3C-4326-B2A4-274B34BA3692', N'A8F9AA4B-0313-45C9-9C66-DD76B54ED602', NULL, N'Thursday',  N'15:00-16:00', 5, 0, N'N', N'Regular', N'PM1')
INSERT [inspection_schedule_detail] ([id], [insp_schedule_id], [physical_lane_id], [virtual_lane_id], [weekday], [timeslot], [quota], [reserve_quota], [block], [schedule_type], [day_session_code]) VALUES (N'86F8DFB5-857D-4D34-9114-B87F31EC7083', N'E53E7839-0E3C-4326-B2A4-274B34BA3692', N'A8F9AA4B-0313-45C9-9C66-DD76B54ED602', NULL, N'Friday',    N'15:00-16:00', 5, 0, N'N', N'Regular', N'PM1')
INSERT [inspection_schedule_detail] ([id], [insp_schedule_id], [physical_lane_id], [virtual_lane_id], [weekday], [timeslot], [quota], [reserve_quota], [block], [schedule_type], [day_session_code]) VALUES (N'3F5DB8E4-7154-4DF5-9204-0979F7B1D509', N'E53E7839-0E3C-4326-B2A4-274B34BA3692', N'A8F9AA4B-0313-45C9-9C66-DD76B54ED602', NULL, N'Saturday',  N'15:00-16:00', 5, 0, N'N', N'Regular', N'PM1')
GO

INSERT [inspection_schedule_detail] ([id], [insp_schedule_id], [physical_lane_id], [virtual_lane_id], [weekday], [timeslot], [quota], [reserve_quota], [block], [schedule_type], [day_session_code]) VALUES (N'FDB7E3C5-FEB4-446B-83E4-E7609375473C', N'E53E7839-0E3C-4326-B2A4-274B34BA3692', N'A8F9AA4B-0313-45C9-9C66-DD76B54ED602', NULL, N'Monday',    N'16:00-17:00', 5, 0, N'N', N'Regular', N'PM1')
INSERT [inspection_schedule_detail] ([id], [insp_schedule_id], [physical_lane_id], [virtual_lane_id], [weekday], [timeslot], [quota], [reserve_quota], [block], [schedule_type], [day_session_code]) VALUES (N'F87C4638-0A79-4D4C-ACFE-1565C933A7B0', N'E53E7839-0E3C-4326-B2A4-274B34BA3692', N'A8F9AA4B-0313-45C9-9C66-DD76B54ED602', NULL, N'Tuesday',   N'16:00-17:00', 5, 0, N'N', N'Regular', N'PM1')
INSERT [inspection_schedule_detail] ([id], [insp_schedule_id], [physical_lane_id], [virtual_lane_id], [weekday], [timeslot], [quota], [reserve_quota], [block], [schedule_type], [day_session_code]) VALUES (N'E0603EC6-B5DE-4890-9354-B7AC9C6395AE', N'E53E7839-0E3C-4326-B2A4-274B34BA3692', N'A8F9AA4B-0313-45C9-9C66-DD76B54ED602', NULL, N'Wednesday', N'16:00-17:00', 5, 0, N'N', N'Regular', N'PM1')
INSERT [inspection_schedule_detail] ([id], [insp_schedule_id], [physical_lane_id], [virtual_lane_id], [weekday], [timeslot], [quota], [reserve_quota], [block], [schedule_type], [day_session_code]) VALUES (N'9D1E8956-78D0-439C-BD95-E7FBB1FDABAB', N'E53E7839-0E3C-4326-B2A4-274B34BA3692', N'A8F9AA4B-0313-45C9-9C66-DD76B54ED602', NULL, N'Thursday',  N'16:00-17:00', 5, 0, N'N', N'Regular', N'PM1')
INSERT [inspection_schedule_detail] ([id], [insp_schedule_id], [physical_lane_id], [virtual_lane_id], [weekday], [timeslot], [quota], [reserve_quota], [block], [schedule_type], [day_session_code]) VALUES (N'BB747065-C5C9-4F46-8757-0D2DC561920D', N'E53E7839-0E3C-4326-B2A4-274B34BA3692', N'A8F9AA4B-0313-45C9-9C66-DD76B54ED602', NULL, N'Friday',    N'16:00-17:00', 5, 0, N'N', N'Regular', N'PM1')
INSERT [inspection_schedule_detail] ([id], [insp_schedule_id], [physical_lane_id], [virtual_lane_id], [weekday], [timeslot], [quota], [reserve_quota], [block], [schedule_type], [day_session_code]) VALUES (N'59A4C787-EBEE-44F0-BF38-9F31C5925B41', N'E53E7839-0E3C-4326-B2A4-274B34BA3692', N'A8F9AA4B-0313-45C9-9C66-DD76B54ED602', NULL, N'Saturday',  N'16:00-17:00', 5, 0, N'N', N'Regular', N'PM1')
GO

INSERT [inspection_schedule_detail] ([id], [insp_schedule_id], [physical_lane_id], [virtual_lane_id], [weekday], [timeslot], [quota], [reserve_quota], [block], [schedule_type], [day_session_code]) VALUES (N'98F5F1F6-F9B8-46B0-BC20-A6E7023BAED5', N'E53E7839-0E3C-4326-B2A4-274B34BA3692', N'A8F9AA4B-0313-45C9-9C66-DD76B54ED602', NULL, N'Monday',    N'17:00-18:00', 5, 0, N'N', N'Regular', N'PM1')
INSERT [inspection_schedule_detail] ([id], [insp_schedule_id], [physical_lane_id], [virtual_lane_id], [weekday], [timeslot], [quota], [reserve_quota], [block], [schedule_type], [day_session_code]) VALUES (N'DA2AC0B2-0FC8-430F-8EF5-C92EDE0D3B17', N'E53E7839-0E3C-4326-B2A4-274B34BA3692', N'A8F9AA4B-0313-45C9-9C66-DD76B54ED602', NULL, N'Tuesday',   N'17:00-18:00', 5, 0, N'N', N'Regular', N'PM1')
INSERT [inspection_schedule_detail] ([id], [insp_schedule_id], [physical_lane_id], [virtual_lane_id], [weekday], [timeslot], [quota], [reserve_quota], [block], [schedule_type], [day_session_code]) VALUES (N'59474BF2-943C-4DA7-93F5-A554C3A0CD46', N'E53E7839-0E3C-4326-B2A4-274B34BA3692', N'A8F9AA4B-0313-45C9-9C66-DD76B54ED602', NULL, N'Wednesday', N'17:00-18:00', 5, 0, N'N', N'Regular', N'PM1')
INSERT [inspection_schedule_detail] ([id], [insp_schedule_id], [physical_lane_id], [virtual_lane_id], [weekday], [timeslot], [quota], [reserve_quota], [block], [schedule_type], [day_session_code]) VALUES (N'1AFAC2B2-7860-46A2-BB3F-DB8A843BEDD4', N'E53E7839-0E3C-4326-B2A4-274B34BA3692', N'A8F9AA4B-0313-45C9-9C66-DD76B54ED602', NULL, N'Thursday',  N'17:00-18:00', 5, 0, N'N', N'Regular', N'PM1')
INSERT [inspection_schedule_detail] ([id], [insp_schedule_id], [physical_lane_id], [virtual_lane_id], [weekday], [timeslot], [quota], [reserve_quota], [block], [schedule_type], [day_session_code]) VALUES (N'4D33DEB6-13FF-4105-B172-07D974B0BDA7', N'E53E7839-0E3C-4326-B2A4-274B34BA3692', N'A8F9AA4B-0313-45C9-9C66-DD76B54ED602', NULL, N'Friday',    N'17:00-18:00', 5, 0, N'N', N'Regular', N'PM1')
INSERT [inspection_schedule_detail] ([id], [insp_schedule_id], [physical_lane_id], [virtual_lane_id], [weekday], [timeslot], [quota], [reserve_quota], [block], [schedule_type], [day_session_code]) VALUES (N'4025BFDC-A9BC-4EDC-B0C0-5857B5393FBF', N'E53E7839-0E3C-4326-B2A4-274B34BA3692', N'A8F9AA4B-0313-45C9-9C66-DD76B54ED602', NULL, N'Saturday',  N'17:00-18:00', 5, 0, N'N', N'Regular', N'PM1')
GO

INSERT [inspection_schedule_detail] ([id], [insp_schedule_id], [physical_lane_id], [virtual_lane_id], [weekday], [timeslot], [quota], [reserve_quota], [block], [schedule_type], [day_session_code]) VALUES (N'5B347AB3-6566-47CD-9F0A-F7CFF69150BF', N'E53E7839-0E3C-4326-B2A4-274B34BA3692', N'A8F9AA4B-0313-45C9-9C66-DD76B54ED602', NULL, N'Monday',    N'18:00-19:00', 5, 0, N'N', N'Regular', N'EV1')
INSERT [inspection_schedule_detail] ([id], [insp_schedule_id], [physical_lane_id], [virtual_lane_id], [weekday], [timeslot], [quota], [reserve_quota], [block], [schedule_type], [day_session_code]) VALUES (N'33310905-EC18-448F-80C6-49FF2E2C4AA0', N'E53E7839-0E3C-4326-B2A4-274B34BA3692', N'A8F9AA4B-0313-45C9-9C66-DD76B54ED602', NULL, N'Tuesday',   N'18:00-19:00', 5, 0, N'N', N'Regular', N'EV1')
INSERT [inspection_schedule_detail] ([id], [insp_schedule_id], [physical_lane_id], [virtual_lane_id], [weekday], [timeslot], [quota], [reserve_quota], [block], [schedule_type], [day_session_code]) VALUES (N'218A5A33-65E2-42FD-8E07-FA447347AF22', N'E53E7839-0E3C-4326-B2A4-274B34BA3692', N'A8F9AA4B-0313-45C9-9C66-DD76B54ED602', NULL, N'Wednesday', N'18:00-19:00', 5, 0, N'N', N'Regular', N'EV1')
INSERT [inspection_schedule_detail] ([id], [insp_schedule_id], [physical_lane_id], [virtual_lane_id], [weekday], [timeslot], [quota], [reserve_quota], [block], [schedule_type], [day_session_code]) VALUES (N'C54AE8DD-F603-427F-B07B-EED1C4D129F0', N'E53E7839-0E3C-4326-B2A4-274B34BA3692', N'A8F9AA4B-0313-45C9-9C66-DD76B54ED602', NULL, N'Thursday',  N'18:00-19:00', 5, 0, N'N', N'Regular', N'EV1')
INSERT [inspection_schedule_detail] ([id], [insp_schedule_id], [physical_lane_id], [virtual_lane_id], [weekday], [timeslot], [quota], [reserve_quota], [block], [schedule_type], [day_session_code]) VALUES (N'4FD3BF58-B4F9-4FBA-81EA-FA81E8B28059', N'E53E7839-0E3C-4326-B2A4-274B34BA3692', N'A8F9AA4B-0313-45C9-9C66-DD76B54ED602', NULL, N'Friday',    N'18:00-19:00', 5, 0, N'N', N'Regular', N'EV1')
INSERT [inspection_schedule_detail] ([id], [insp_schedule_id], [physical_lane_id], [virtual_lane_id], [weekday], [timeslot], [quota], [reserve_quota], [block], [schedule_type], [day_session_code]) VALUES (N'C75C7E3F-8CB6-4BD4-96A3-3209F442FA15', N'E53E7839-0E3C-4326-B2A4-274B34BA3692', N'A8F9AA4B-0313-45C9-9C66-DD76B54ED602', NULL, N'Saturday',  N'18:00-19:00', 5, 0, N'N', N'Regular', N'EV1')
GO

INSERT [inspection_schedule_detail] ([id], [insp_schedule_id], [physical_lane_id], [virtual_lane_id], [weekday], [timeslot], [quota], [reserve_quota], [block], [schedule_type], [day_session_code]) VALUES (N'8F525021-8D7C-4A12-BA5F-78848DC5514B', N'E53E7839-0E3C-4326-B2A4-274B34BA3692', N'A8F9AA4B-0313-45C9-9C66-DD76B54ED602', NULL, N'Monday',    N'19:00-20:00', 5, 0, N'N', N'Regular', N'EV1')
INSERT [inspection_schedule_detail] ([id], [insp_schedule_id], [physical_lane_id], [virtual_lane_id], [weekday], [timeslot], [quota], [reserve_quota], [block], [schedule_type], [day_session_code]) VALUES (N'F0903016-B4AE-4273-8F42-D81333F9B7C0', N'E53E7839-0E3C-4326-B2A4-274B34BA3692', N'A8F9AA4B-0313-45C9-9C66-DD76B54ED602', NULL, N'Tuesday',   N'19:00-20:00', 5, 0, N'N', N'Regular', N'EV1')
INSERT [inspection_schedule_detail] ([id], [insp_schedule_id], [physical_lane_id], [virtual_lane_id], [weekday], [timeslot], [quota], [reserve_quota], [block], [schedule_type], [day_session_code]) VALUES (N'76754EF4-492C-4327-8946-4891BC3055AE', N'E53E7839-0E3C-4326-B2A4-274B34BA3692', N'A8F9AA4B-0313-45C9-9C66-DD76B54ED602', NULL, N'Wednesday', N'19:00-20:00', 5, 0, N'N', N'Regular', N'EV1')
INSERT [inspection_schedule_detail] ([id], [insp_schedule_id], [physical_lane_id], [virtual_lane_id], [weekday], [timeslot], [quota], [reserve_quota], [block], [schedule_type], [day_session_code]) VALUES (N'835704DE-56D1-4DB9-8709-C81B9C258FE3', N'E53E7839-0E3C-4326-B2A4-274B34BA3692', N'A8F9AA4B-0313-45C9-9C66-DD76B54ED602', NULL, N'Thursday',  N'19:00-20:00', 5, 0, N'N', N'Regular', N'EV1')
INSERT [inspection_schedule_detail] ([id], [insp_schedule_id], [physical_lane_id], [virtual_lane_id], [weekday], [timeslot], [quota], [reserve_quota], [block], [schedule_type], [day_session_code]) VALUES (N'B1C11A75-6E43-4490-8177-6247C4B7E403', N'E53E7839-0E3C-4326-B2A4-274B34BA3692', N'A8F9AA4B-0313-45C9-9C66-DD76B54ED602', NULL, N'Friday',    N'19:00-20:00', 5, 0, N'N', N'Regular', N'EV1')
INSERT [inspection_schedule_detail] ([id], [insp_schedule_id], [physical_lane_id], [virtual_lane_id], [weekday], [timeslot], [quota], [reserve_quota], [block], [schedule_type], [day_session_code]) VALUES (N'B63E0E47-33E4-4879-BBF0-988AC5F8DD48', N'E53E7839-0E3C-4326-B2A4-274B34BA3692', N'A8F9AA4B-0313-45C9-9C66-DD76B54ED602', NULL, N'Saturday',  N'19:00-20:00', 5, 0, N'N', N'Regular', N'EV1')
GO

INSERT [inspection_schedule_detail] ([id], [insp_schedule_id], [physical_lane_id], [virtual_lane_id], [weekday], [timeslot], [quota], [reserve_quota], [block], [schedule_type], [day_session_code]) VALUES (N'258B60C3-8EBF-47E1-B575-759493BE1037', N'E53E7839-0E3C-4326-B2A4-274B34BA3692', N'A8F9AA4B-0313-45C9-9C66-DD76B54ED602', NULL, N'Monday',    N'20:00-21:00', 5, 0, N'N', N'Regular', N'EV1')
INSERT [inspection_schedule_detail] ([id], [insp_schedule_id], [physical_lane_id], [virtual_lane_id], [weekday], [timeslot], [quota], [reserve_quota], [block], [schedule_type], [day_session_code]) VALUES (N'9530472A-8773-49CE-907D-6E011774E108', N'E53E7839-0E3C-4326-B2A4-274B34BA3692', N'A8F9AA4B-0313-45C9-9C66-DD76B54ED602', NULL, N'Tuesday',   N'20:00-21:00', 5, 0, N'N', N'Regular', N'EV1')
INSERT [inspection_schedule_detail] ([id], [insp_schedule_id], [physical_lane_id], [virtual_lane_id], [weekday], [timeslot], [quota], [reserve_quota], [block], [schedule_type], [day_session_code]) VALUES (N'9763BFDA-709D-4165-B71B-58C87E14797F', N'E53E7839-0E3C-4326-B2A4-274B34BA3692', N'A8F9AA4B-0313-45C9-9C66-DD76B54ED602', NULL, N'Wednesday', N'20:00-21:00', 5, 0, N'N', N'Regular', N'EV1')
INSERT [inspection_schedule_detail] ([id], [insp_schedule_id], [physical_lane_id], [virtual_lane_id], [weekday], [timeslot], [quota], [reserve_quota], [block], [schedule_type], [day_session_code]) VALUES (N'4496A328-3EC3-4823-BA05-8B7240FA3B8E', N'E53E7839-0E3C-4326-B2A4-274B34BA3692', N'A8F9AA4B-0313-45C9-9C66-DD76B54ED602', NULL, N'Thursday',  N'20:00-21:00', 5, 0, N'N', N'Regular', N'EV1')
INSERT [inspection_schedule_detail] ([id], [insp_schedule_id], [physical_lane_id], [virtual_lane_id], [weekday], [timeslot], [quota], [reserve_quota], [block], [schedule_type], [day_session_code]) VALUES (N'45BCB5C8-F415-4EE4-8FDE-79837B21263F', N'E53E7839-0E3C-4326-B2A4-274B34BA3692', N'A8F9AA4B-0313-45C9-9C66-DD76B54ED602', NULL, N'Friday',    N'20:00-21:00', 5, 0, N'N', N'Regular', N'EV1')
INSERT [inspection_schedule_detail] ([id], [insp_schedule_id], [physical_lane_id], [virtual_lane_id], [weekday], [timeslot], [quota], [reserve_quota], [block], [schedule_type], [day_session_code]) VALUES (N'D7D53F13-0A9C-4A31-A38C-C9C63A830BD1', N'E53E7839-0E3C-4326-B2A4-274B34BA3692', N'A8F9AA4B-0313-45C9-9C66-DD76B54ED602', NULL, N'Saturday',  N'20:00-21:00', 5, 0, N'N', N'Regular', N'EV1')
GO

INSERT [inspection_schedule_examcode] ([id], [insp_schedule_detail_id], [insp_type_id]) VALUES (NEWID(), N'09336F19-2641-43C5-ACF8-55748CDD0C83', N'FE7B5EAC-9409-480F-B6AE-F7226598E944')
INSERT [inspection_schedule_examcode] ([id], [insp_schedule_detail_id], [insp_type_id]) VALUES (NEWID(), N'1AFAC2B2-7860-46A2-BB3F-DB8A843BEDD4', N'FE7B5EAC-9409-480F-B6AE-F7226598E944')
INSERT [inspection_schedule_examcode] ([id], [insp_schedule_detail_id], [insp_type_id]) VALUES (NEWID(), N'218A5A33-65E2-42FD-8E07-FA447347AF22', N'FE7B5EAC-9409-480F-B6AE-F7226598E944')
INSERT [inspection_schedule_examcode] ([id], [insp_schedule_detail_id], [insp_type_id]) VALUES (NEWID(), N'258B60C3-8EBF-47E1-B575-759493BE1037', N'FE7B5EAC-9409-480F-B6AE-F7226598E944')
INSERT [inspection_schedule_examcode] ([id], [insp_schedule_detail_id], [insp_type_id]) VALUES (NEWID(), N'2AAB2547-0922-4B6A-B000-2A0A34268DFF', N'FE7B5EAC-9409-480F-B6AE-F7226598E944')
INSERT [inspection_schedule_examcode] ([id], [insp_schedule_detail_id], [insp_type_id]) VALUES (NEWID(), N'2B801B13-553E-4592-8874-417F2A117789', N'FE7B5EAC-9409-480F-B6AE-F7226598E944')
INSERT [inspection_schedule_examcode] ([id], [insp_schedule_detail_id], [insp_type_id]) VALUES (NEWID(), N'315028CB-9395-46CE-9B76-8242CC6B9807', N'FE7B5EAC-9409-480F-B6AE-F7226598E944')
INSERT [inspection_schedule_examcode] ([id], [insp_schedule_detail_id], [insp_type_id]) VALUES (NEWID(), N'33310905-EC18-448F-80C6-49FF2E2C4AA0', N'FE7B5EAC-9409-480F-B6AE-F7226598E944')
INSERT [inspection_schedule_examcode] ([id], [insp_schedule_detail_id], [insp_type_id]) VALUES (NEWID(), N'38267DE5-5DAA-4520-A248-975F81D2FFEB', N'FE7B5EAC-9409-480F-B6AE-F7226598E944')
INSERT [inspection_schedule_examcode] ([id], [insp_schedule_detail_id], [insp_type_id]) VALUES (NEWID(), N'3F5DB8E4-7154-4DF5-9204-0979F7B1D509', N'FE7B5EAC-9409-480F-B6AE-F7226598E944')
INSERT [inspection_schedule_examcode] ([id], [insp_schedule_detail_id], [insp_type_id]) VALUES (NEWID(), N'4025BFDC-A9BC-4EDC-B0C0-5857B5393FBF', N'FE7B5EAC-9409-480F-B6AE-F7226598E944')
INSERT [inspection_schedule_examcode] ([id], [insp_schedule_detail_id], [insp_type_id]) VALUES (NEWID(), N'42E36627-1973-43ED-862C-A5F79C5C44D9', N'FE7B5EAC-9409-480F-B6AE-F7226598E944')
INSERT [inspection_schedule_examcode] ([id], [insp_schedule_detail_id], [insp_type_id]) VALUES (NEWID(), N'4426B844-F969-4542-82CD-FE9CF50D8A1C', N'FE7B5EAC-9409-480F-B6AE-F7226598E944')
INSERT [inspection_schedule_examcode] ([id], [insp_schedule_detail_id], [insp_type_id]) VALUES (NEWID(), N'4496A328-3EC3-4823-BA05-8B7240FA3B8E', N'FE7B5EAC-9409-480F-B6AE-F7226598E944')
INSERT [inspection_schedule_examcode] ([id], [insp_schedule_detail_id], [insp_type_id]) VALUES (NEWID(), N'45BCB5C8-F415-4EE4-8FDE-79837B21263F', N'FE7B5EAC-9409-480F-B6AE-F7226598E944')
INSERT [inspection_schedule_examcode] ([id], [insp_schedule_detail_id], [insp_type_id]) VALUES (NEWID(), N'47D4EC1D-9EFF-48C4-A093-A8BE33E688A9', N'FE7B5EAC-9409-480F-B6AE-F7226598E944')
INSERT [inspection_schedule_examcode] ([id], [insp_schedule_detail_id], [insp_type_id]) VALUES (NEWID(), N'48E43EE4-0565-4628-8761-E636301B37BD', N'FE7B5EAC-9409-480F-B6AE-F7226598E944')
INSERT [inspection_schedule_examcode] ([id], [insp_schedule_detail_id], [insp_type_id]) VALUES (NEWID(), N'4D33DEB6-13FF-4105-B172-07D974B0BDA7', N'FE7B5EAC-9409-480F-B6AE-F7226598E944')
INSERT [inspection_schedule_examcode] ([id], [insp_schedule_detail_id], [insp_type_id]) VALUES (NEWID(), N'4FD3BF58-B4F9-4FBA-81EA-FA81E8B28059', N'FE7B5EAC-9409-480F-B6AE-F7226598E944')
INSERT [inspection_schedule_examcode] ([id], [insp_schedule_detail_id], [insp_type_id]) VALUES (NEWID(), N'53ADF9D4-A557-43EB-83F9-B148FFD06EBE', N'FE7B5EAC-9409-480F-B6AE-F7226598E944')
INSERT [inspection_schedule_examcode] ([id], [insp_schedule_detail_id], [insp_type_id]) VALUES (NEWID(), N'574B1625-C3A0-4941-9E9C-7FE0C8024A68', N'FE7B5EAC-9409-480F-B6AE-F7226598E944')
INSERT [inspection_schedule_examcode] ([id], [insp_schedule_detail_id], [insp_type_id]) VALUES (NEWID(), N'59474BF2-943C-4DA7-93F5-A554C3A0CD46', N'FE7B5EAC-9409-480F-B6AE-F7226598E944')
INSERT [inspection_schedule_examcode] ([id], [insp_schedule_detail_id], [insp_type_id]) VALUES (NEWID(), N'59A4C787-EBEE-44F0-BF38-9F31C5925B41', N'FE7B5EAC-9409-480F-B6AE-F7226598E944')
INSERT [inspection_schedule_examcode] ([id], [insp_schedule_detail_id], [insp_type_id]) VALUES (NEWID(), N'5B08FB6E-190E-452E-B827-2D3060411369', N'FE7B5EAC-9409-480F-B6AE-F7226598E944')
INSERT [inspection_schedule_examcode] ([id], [insp_schedule_detail_id], [insp_type_id]) VALUES (NEWID(), N'5B347AB3-6566-47CD-9F0A-F7CFF69150BF', N'FE7B5EAC-9409-480F-B6AE-F7226598E944')
INSERT [inspection_schedule_examcode] ([id], [insp_schedule_detail_id], [insp_type_id]) VALUES (NEWID(), N'627B5E2E-E39C-42D0-9A0F-3FB5F95E5725', N'FE7B5EAC-9409-480F-B6AE-F7226598E944')
INSERT [inspection_schedule_examcode] ([id], [insp_schedule_detail_id], [insp_type_id]) VALUES (NEWID(), N'6F3BE111-5E03-4801-9A15-C5A385CC0A1F', N'FE7B5EAC-9409-480F-B6AE-F7226598E944')
INSERT [inspection_schedule_examcode] ([id], [insp_schedule_detail_id], [insp_type_id]) VALUES (NEWID(), N'745013BF-DBBC-4A13-9EA9-3C3509C80E45', N'FE7B5EAC-9409-480F-B6AE-F7226598E944')
INSERT [inspection_schedule_examcode] ([id], [insp_schedule_detail_id], [insp_type_id]) VALUES (NEWID(), N'76754EF4-492C-4327-8946-4891BC3055AE', N'FE7B5EAC-9409-480F-B6AE-F7226598E944')
INSERT [inspection_schedule_examcode] ([id], [insp_schedule_detail_id], [insp_type_id]) VALUES (NEWID(), N'78280B57-6171-447C-9992-2ABD8E5CD438', N'FE7B5EAC-9409-480F-B6AE-F7226598E944')
INSERT [inspection_schedule_examcode] ([id], [insp_schedule_detail_id], [insp_type_id]) VALUES (NEWID(), N'806B81D4-C92D-49DF-B7E3-2AA506DB5E8E', N'FE7B5EAC-9409-480F-B6AE-F7226598E944')
INSERT [inspection_schedule_examcode] ([id], [insp_schedule_detail_id], [insp_type_id]) VALUES (NEWID(), N'8114F9CD-523A-47B7-957D-1644F81263FB', N'FE7B5EAC-9409-480F-B6AE-F7226598E944')
INSERT [inspection_schedule_examcode] ([id], [insp_schedule_detail_id], [insp_type_id]) VALUES (NEWID(), N'82600A39-AC93-4949-A439-E0E300765E79', N'FE7B5EAC-9409-480F-B6AE-F7226598E944')
INSERT [inspection_schedule_examcode] ([id], [insp_schedule_detail_id], [insp_type_id]) VALUES (NEWID(), N'835704DE-56D1-4DB9-8709-C81B9C258FE3', N'FE7B5EAC-9409-480F-B6AE-F7226598E944')
INSERT [inspection_schedule_examcode] ([id], [insp_schedule_detail_id], [insp_type_id]) VALUES (NEWID(), N'86F8DFB5-857D-4D34-9114-B87F31EC7083', N'FE7B5EAC-9409-480F-B6AE-F7226598E944')
INSERT [inspection_schedule_examcode] ([id], [insp_schedule_detail_id], [insp_type_id]) VALUES (NEWID(), N'8E0365CE-DE4D-475B-BA91-3959598F9F9A', N'FE7B5EAC-9409-480F-B6AE-F7226598E944')
INSERT [inspection_schedule_examcode] ([id], [insp_schedule_detail_id], [insp_type_id]) VALUES (NEWID(), N'8EAD1CB4-265F-490A-B7F8-CB7EB6065D89', N'FE7B5EAC-9409-480F-B6AE-F7226598E944')
INSERT [inspection_schedule_examcode] ([id], [insp_schedule_detail_id], [insp_type_id]) VALUES (NEWID(), N'8F525021-8D7C-4A12-BA5F-78848DC5514B', N'FE7B5EAC-9409-480F-B6AE-F7226598E944')
INSERT [inspection_schedule_examcode] ([id], [insp_schedule_detail_id], [insp_type_id]) VALUES (NEWID(), N'9061D542-9986-4891-8DDD-DE1A48DC20F1', N'FE7B5EAC-9409-480F-B6AE-F7226598E944')
INSERT [inspection_schedule_examcode] ([id], [insp_schedule_detail_id], [insp_type_id]) VALUES (NEWID(), N'9530472A-8773-49CE-907D-6E011774E108', N'FE7B5EAC-9409-480F-B6AE-F7226598E944')
INSERT [inspection_schedule_examcode] ([id], [insp_schedule_detail_id], [insp_type_id]) VALUES (NEWID(), N'9763BFDA-709D-4165-B71B-58C87E14797F', N'FE7B5EAC-9409-480F-B6AE-F7226598E944')
INSERT [inspection_schedule_examcode] ([id], [insp_schedule_detail_id], [insp_type_id]) VALUES (NEWID(), N'98F5F1F6-F9B8-46B0-BC20-A6E7023BAED5', N'FE7B5EAC-9409-480F-B6AE-F7226598E944')
INSERT [inspection_schedule_examcode] ([id], [insp_schedule_detail_id], [insp_type_id]) VALUES (NEWID(), N'9BB763C0-0F0E-440C-988A-96C09B10EEEE', N'FE7B5EAC-9409-480F-B6AE-F7226598E944')
INSERT [inspection_schedule_examcode] ([id], [insp_schedule_detail_id], [insp_type_id]) VALUES (NEWID(), N'9D1E8956-78D0-439C-BD95-E7FBB1FDABAB', N'FE7B5EAC-9409-480F-B6AE-F7226598E944')
INSERT [inspection_schedule_examcode] ([id], [insp_schedule_detail_id], [insp_type_id]) VALUES (NEWID(), N'9D39BED3-2BCC-451E-9377-A6EB0C5E2F8F', N'FE7B5EAC-9409-480F-B6AE-F7226598E944')
INSERT [inspection_schedule_examcode] ([id], [insp_schedule_detail_id], [insp_type_id]) VALUES (NEWID(), N'9F392819-7F58-4ECD-91E6-5E15BAF28CB3', N'FE7B5EAC-9409-480F-B6AE-F7226598E944')
INSERT [inspection_schedule_examcode] ([id], [insp_schedule_detail_id], [insp_type_id]) VALUES (NEWID(), N'B1C11A75-6E43-4490-8177-6247C4B7E403', N'FE7B5EAC-9409-480F-B6AE-F7226598E944')
INSERT [inspection_schedule_examcode] ([id], [insp_schedule_detail_id], [insp_type_id]) VALUES (NEWID(), N'B63E0E47-33E4-4879-BBF0-988AC5F8DD48', N'FE7B5EAC-9409-480F-B6AE-F7226598E944')
INSERT [inspection_schedule_examcode] ([id], [insp_schedule_detail_id], [insp_type_id]) VALUES (NEWID(), N'BB747065-C5C9-4F46-8757-0D2DC561920D', N'FE7B5EAC-9409-480F-B6AE-F7226598E944')
INSERT [inspection_schedule_examcode] ([id], [insp_schedule_detail_id], [insp_type_id]) VALUES (NEWID(), N'C039B8C4-362F-46BA-B672-E60771EE51A1', N'FE7B5EAC-9409-480F-B6AE-F7226598E944')
INSERT [inspection_schedule_examcode] ([id], [insp_schedule_detail_id], [insp_type_id]) VALUES (NEWID(), N'C54AE8DD-F603-427F-B07B-EED1C4D129F0', N'FE7B5EAC-9409-480F-B6AE-F7226598E944')
INSERT [inspection_schedule_examcode] ([id], [insp_schedule_detail_id], [insp_type_id]) VALUES (NEWID(), N'C75C7E3F-8CB6-4BD4-96A3-3209F442FA15', N'FE7B5EAC-9409-480F-B6AE-F7226598E944')
INSERT [inspection_schedule_examcode] ([id], [insp_schedule_detail_id], [insp_type_id]) VALUES (NEWID(), N'CAF60791-4D0D-4F3F-B7A0-1E8A56A4436F', N'FE7B5EAC-9409-480F-B6AE-F7226598E944')
INSERT [inspection_schedule_examcode] ([id], [insp_schedule_detail_id], [insp_type_id]) VALUES (NEWID(), N'CB6E826C-3F60-467D-AECB-03B1B54CDB2D', N'FE7B5EAC-9409-480F-B6AE-F7226598E944')
INSERT [inspection_schedule_examcode] ([id], [insp_schedule_detail_id], [insp_type_id]) VALUES (NEWID(), N'CE6E2A54-1233-404A-880B-5AF7CA287B2A', N'FE7B5EAC-9409-480F-B6AE-F7226598E944')
INSERT [inspection_schedule_examcode] ([id], [insp_schedule_detail_id], [insp_type_id]) VALUES (NEWID(), N'D7D53F13-0A9C-4A31-A38C-C9C63A830BD1', N'FE7B5EAC-9409-480F-B6AE-F7226598E944')
INSERT [inspection_schedule_examcode] ([id], [insp_schedule_detail_id], [insp_type_id]) VALUES (NEWID(), N'DA2AC0B2-0FC8-430F-8EF5-C92EDE0D3B17', N'FE7B5EAC-9409-480F-B6AE-F7226598E944')
INSERT [inspection_schedule_examcode] ([id], [insp_schedule_detail_id], [insp_type_id]) VALUES (NEWID(), N'E0603EC6-B5DE-4890-9354-B7AC9C6395AE', N'FE7B5EAC-9409-480F-B6AE-F7226598E944')
INSERT [inspection_schedule_examcode] ([id], [insp_schedule_detail_id], [insp_type_id]) VALUES (NEWID(), N'F0903016-B4AE-4273-8F42-D81333F9B7C0', N'FE7B5EAC-9409-480F-B6AE-F7226598E944')
INSERT [inspection_schedule_examcode] ([id], [insp_schedule_detail_id], [insp_type_id]) VALUES (NEWID(), N'F87C4638-0A79-4D4C-ACFE-1565C933A7B0', N'FE7B5EAC-9409-480F-B6AE-F7226598E944')
INSERT [inspection_schedule_examcode] ([id], [insp_schedule_detail_id], [insp_type_id]) VALUES (NEWID(), N'F8E0B7C6-BDA2-466B-BCAB-EFC8088158F5', N'FE7B5EAC-9409-480F-B6AE-F7226598E944')
INSERT [inspection_schedule_examcode] ([id], [insp_schedule_detail_id], [insp_type_id]) VALUES (NEWID(), N'FDB7E3C5-FEB4-446B-83E4-E7609375473C', N'FE7B5EAC-9409-480F-B6AE-F7226598E944')
INSERT [inspection_schedule_examcode] ([id], [insp_schedule_detail_id], [insp_type_id]) VALUES (NEWID(), N'FDFF48C9-CFC7-46E3-8DB1-7AFEC29ADD9D', N'FE7B5EAC-9409-480F-B6AE-F7226598E944')


INSERT [inspection_schedule_vhcl_cls] ([id], [insp_schedule_detail_id], [vhcl_class_id]) VALUES (NEWID(), N'09336F19-2641-43C5-ACF8-55748CDD0C83', N'FA17A723-27C5-4559-8884-4D2F78DED554')
INSERT [inspection_schedule_vhcl_cls] ([id], [insp_schedule_detail_id], [vhcl_class_id]) VALUES (NEWID(), N'1AFAC2B2-7860-46A2-BB3F-DB8A843BEDD4', N'FA17A723-27C5-4559-8884-4D2F78DED554')
INSERT [inspection_schedule_vhcl_cls] ([id], [insp_schedule_detail_id], [vhcl_class_id]) VALUES (NEWID(), N'218A5A33-65E2-42FD-8E07-FA447347AF22', N'FA17A723-27C5-4559-8884-4D2F78DED554')
INSERT [inspection_schedule_vhcl_cls] ([id], [insp_schedule_detail_id], [vhcl_class_id]) VALUES (NEWID(), N'258B60C3-8EBF-47E1-B575-759493BE1037', N'FA17A723-27C5-4559-8884-4D2F78DED554')
INSERT [inspection_schedule_vhcl_cls] ([id], [insp_schedule_detail_id], [vhcl_class_id]) VALUES (NEWID(), N'2AAB2547-0922-4B6A-B000-2A0A34268DFF', N'FA17A723-27C5-4559-8884-4D2F78DED554')
INSERT [inspection_schedule_vhcl_cls] ([id], [insp_schedule_detail_id], [vhcl_class_id]) VALUES (NEWID(), N'2B801B13-553E-4592-8874-417F2A117789', N'FA17A723-27C5-4559-8884-4D2F78DED554')
INSERT [inspection_schedule_vhcl_cls] ([id], [insp_schedule_detail_id], [vhcl_class_id]) VALUES (NEWID(), N'315028CB-9395-46CE-9B76-8242CC6B9807', N'FA17A723-27C5-4559-8884-4D2F78DED554')
INSERT [inspection_schedule_vhcl_cls] ([id], [insp_schedule_detail_id], [vhcl_class_id]) VALUES (NEWID(), N'33310905-EC18-448F-80C6-49FF2E2C4AA0', N'FA17A723-27C5-4559-8884-4D2F78DED554')
INSERT [inspection_schedule_vhcl_cls] ([id], [insp_schedule_detail_id], [vhcl_class_id]) VALUES (NEWID(), N'38267DE5-5DAA-4520-A248-975F81D2FFEB', N'FA17A723-27C5-4559-8884-4D2F78DED554')
INSERT [inspection_schedule_vhcl_cls] ([id], [insp_schedule_detail_id], [vhcl_class_id]) VALUES (NEWID(), N'3F5DB8E4-7154-4DF5-9204-0979F7B1D509', N'FA17A723-27C5-4559-8884-4D2F78DED554')
INSERT [inspection_schedule_vhcl_cls] ([id], [insp_schedule_detail_id], [vhcl_class_id]) VALUES (NEWID(), N'4025BFDC-A9BC-4EDC-B0C0-5857B5393FBF', N'FA17A723-27C5-4559-8884-4D2F78DED554')
INSERT [inspection_schedule_vhcl_cls] ([id], [insp_schedule_detail_id], [vhcl_class_id]) VALUES (NEWID(), N'42E36627-1973-43ED-862C-A5F79C5C44D9', N'FA17A723-27C5-4559-8884-4D2F78DED554')
INSERT [inspection_schedule_vhcl_cls] ([id], [insp_schedule_detail_id], [vhcl_class_id]) VALUES (NEWID(), N'4426B844-F969-4542-82CD-FE9CF50D8A1C', N'FA17A723-27C5-4559-8884-4D2F78DED554')
INSERT [inspection_schedule_vhcl_cls] ([id], [insp_schedule_detail_id], [vhcl_class_id]) VALUES (NEWID(), N'4496A328-3EC3-4823-BA05-8B7240FA3B8E', N'FA17A723-27C5-4559-8884-4D2F78DED554')
INSERT [inspection_schedule_vhcl_cls] ([id], [insp_schedule_detail_id], [vhcl_class_id]) VALUES (NEWID(), N'45BCB5C8-F415-4EE4-8FDE-79837B21263F', N'FA17A723-27C5-4559-8884-4D2F78DED554')
INSERT [inspection_schedule_vhcl_cls] ([id], [insp_schedule_detail_id], [vhcl_class_id]) VALUES (NEWID(), N'47D4EC1D-9EFF-48C4-A093-A8BE33E688A9', N'FA17A723-27C5-4559-8884-4D2F78DED554')
INSERT [inspection_schedule_vhcl_cls] ([id], [insp_schedule_detail_id], [vhcl_class_id]) VALUES (NEWID(), N'48E43EE4-0565-4628-8761-E636301B37BD', N'FA17A723-27C5-4559-8884-4D2F78DED554')
INSERT [inspection_schedule_vhcl_cls] ([id], [insp_schedule_detail_id], [vhcl_class_id]) VALUES (NEWID(), N'4D33DEB6-13FF-4105-B172-07D974B0BDA7', N'FA17A723-27C5-4559-8884-4D2F78DED554')
INSERT [inspection_schedule_vhcl_cls] ([id], [insp_schedule_detail_id], [vhcl_class_id]) VALUES (NEWID(), N'4FD3BF58-B4F9-4FBA-81EA-FA81E8B28059', N'FA17A723-27C5-4559-8884-4D2F78DED554')
INSERT [inspection_schedule_vhcl_cls] ([id], [insp_schedule_detail_id], [vhcl_class_id]) VALUES (NEWID(), N'53ADF9D4-A557-43EB-83F9-B148FFD06EBE', N'FA17A723-27C5-4559-8884-4D2F78DED554')
INSERT [inspection_schedule_vhcl_cls] ([id], [insp_schedule_detail_id], [vhcl_class_id]) VALUES (NEWID(), N'574B1625-C3A0-4941-9E9C-7FE0C8024A68', N'FA17A723-27C5-4559-8884-4D2F78DED554')
INSERT [inspection_schedule_vhcl_cls] ([id], [insp_schedule_detail_id], [vhcl_class_id]) VALUES (NEWID(), N'59474BF2-943C-4DA7-93F5-A554C3A0CD46', N'FA17A723-27C5-4559-8884-4D2F78DED554')
INSERT [inspection_schedule_vhcl_cls] ([id], [insp_schedule_detail_id], [vhcl_class_id]) VALUES (NEWID(), N'59A4C787-EBEE-44F0-BF38-9F31C5925B41', N'FA17A723-27C5-4559-8884-4D2F78DED554')
INSERT [inspection_schedule_vhcl_cls] ([id], [insp_schedule_detail_id], [vhcl_class_id]) VALUES (NEWID(), N'5B08FB6E-190E-452E-B827-2D3060411369', N'FA17A723-27C5-4559-8884-4D2F78DED554')
INSERT [inspection_schedule_vhcl_cls] ([id], [insp_schedule_detail_id], [vhcl_class_id]) VALUES (NEWID(), N'5B347AB3-6566-47CD-9F0A-F7CFF69150BF', N'FA17A723-27C5-4559-8884-4D2F78DED554')
INSERT [inspection_schedule_vhcl_cls] ([id], [insp_schedule_detail_id], [vhcl_class_id]) VALUES (NEWID(), N'627B5E2E-E39C-42D0-9A0F-3FB5F95E5725', N'FA17A723-27C5-4559-8884-4D2F78DED554')
INSERT [inspection_schedule_vhcl_cls] ([id], [insp_schedule_detail_id], [vhcl_class_id]) VALUES (NEWID(), N'6F3BE111-5E03-4801-9A15-C5A385CC0A1F', N'FA17A723-27C5-4559-8884-4D2F78DED554')
INSERT [inspection_schedule_vhcl_cls] ([id], [insp_schedule_detail_id], [vhcl_class_id]) VALUES (NEWID(), N'745013BF-DBBC-4A13-9EA9-3C3509C80E45', N'FA17A723-27C5-4559-8884-4D2F78DED554')
INSERT [inspection_schedule_vhcl_cls] ([id], [insp_schedule_detail_id], [vhcl_class_id]) VALUES (NEWID(), N'76754EF4-492C-4327-8946-4891BC3055AE', N'FA17A723-27C5-4559-8884-4D2F78DED554')
INSERT [inspection_schedule_vhcl_cls] ([id], [insp_schedule_detail_id], [vhcl_class_id]) VALUES (NEWID(), N'78280B57-6171-447C-9992-2ABD8E5CD438', N'FA17A723-27C5-4559-8884-4D2F78DED554')
INSERT [inspection_schedule_vhcl_cls] ([id], [insp_schedule_detail_id], [vhcl_class_id]) VALUES (NEWID(), N'806B81D4-C92D-49DF-B7E3-2AA506DB5E8E', N'FA17A723-27C5-4559-8884-4D2F78DED554')
INSERT [inspection_schedule_vhcl_cls] ([id], [insp_schedule_detail_id], [vhcl_class_id]) VALUES (NEWID(), N'8114F9CD-523A-47B7-957D-1644F81263FB', N'FA17A723-27C5-4559-8884-4D2F78DED554')
INSERT [inspection_schedule_vhcl_cls] ([id], [insp_schedule_detail_id], [vhcl_class_id]) VALUES (NEWID(), N'82600A39-AC93-4949-A439-E0E300765E79', N'FA17A723-27C5-4559-8884-4D2F78DED554')
INSERT [inspection_schedule_vhcl_cls] ([id], [insp_schedule_detail_id], [vhcl_class_id]) VALUES (NEWID(), N'835704DE-56D1-4DB9-8709-C81B9C258FE3', N'FA17A723-27C5-4559-8884-4D2F78DED554')
INSERT [inspection_schedule_vhcl_cls] ([id], [insp_schedule_detail_id], [vhcl_class_id]) VALUES (NEWID(), N'86F8DFB5-857D-4D34-9114-B87F31EC7083', N'FA17A723-27C5-4559-8884-4D2F78DED554')
INSERT [inspection_schedule_vhcl_cls] ([id], [insp_schedule_detail_id], [vhcl_class_id]) VALUES (NEWID(), N'8E0365CE-DE4D-475B-BA91-3959598F9F9A', N'FA17A723-27C5-4559-8884-4D2F78DED554')
INSERT [inspection_schedule_vhcl_cls] ([id], [insp_schedule_detail_id], [vhcl_class_id]) VALUES (NEWID(), N'8EAD1CB4-265F-490A-B7F8-CB7EB6065D89', N'FA17A723-27C5-4559-8884-4D2F78DED554')
INSERT [inspection_schedule_vhcl_cls] ([id], [insp_schedule_detail_id], [vhcl_class_id]) VALUES (NEWID(), N'8F525021-8D7C-4A12-BA5F-78848DC5514B', N'FA17A723-27C5-4559-8884-4D2F78DED554')
INSERT [inspection_schedule_vhcl_cls] ([id], [insp_schedule_detail_id], [vhcl_class_id]) VALUES (NEWID(), N'9061D542-9986-4891-8DDD-DE1A48DC20F1', N'FA17A723-27C5-4559-8884-4D2F78DED554')
INSERT [inspection_schedule_vhcl_cls] ([id], [insp_schedule_detail_id], [vhcl_class_id]) VALUES (NEWID(), N'9530472A-8773-49CE-907D-6E011774E108', N'FA17A723-27C5-4559-8884-4D2F78DED554')
INSERT [inspection_schedule_vhcl_cls] ([id], [insp_schedule_detail_id], [vhcl_class_id]) VALUES (NEWID(), N'9763BFDA-709D-4165-B71B-58C87E14797F', N'FA17A723-27C5-4559-8884-4D2F78DED554')
INSERT [inspection_schedule_vhcl_cls] ([id], [insp_schedule_detail_id], [vhcl_class_id]) VALUES (NEWID(), N'98F5F1F6-F9B8-46B0-BC20-A6E7023BAED5', N'FA17A723-27C5-4559-8884-4D2F78DED554')
INSERT [inspection_schedule_vhcl_cls] ([id], [insp_schedule_detail_id], [vhcl_class_id]) VALUES (NEWID(), N'9BB763C0-0F0E-440C-988A-96C09B10EEEE', N'FA17A723-27C5-4559-8884-4D2F78DED554')
INSERT [inspection_schedule_vhcl_cls] ([id], [insp_schedule_detail_id], [vhcl_class_id]) VALUES (NEWID(), N'9D1E8956-78D0-439C-BD95-E7FBB1FDABAB', N'FA17A723-27C5-4559-8884-4D2F78DED554')
INSERT [inspection_schedule_vhcl_cls] ([id], [insp_schedule_detail_id], [vhcl_class_id]) VALUES (NEWID(), N'9D39BED3-2BCC-451E-9377-A6EB0C5E2F8F', N'FA17A723-27C5-4559-8884-4D2F78DED554')
INSERT [inspection_schedule_vhcl_cls] ([id], [insp_schedule_detail_id], [vhcl_class_id]) VALUES (NEWID(), N'9F392819-7F58-4ECD-91E6-5E15BAF28CB3', N'FA17A723-27C5-4559-8884-4D2F78DED554')
INSERT [inspection_schedule_vhcl_cls] ([id], [insp_schedule_detail_id], [vhcl_class_id]) VALUES (NEWID(), N'B1C11A75-6E43-4490-8177-6247C4B7E403', N'FA17A723-27C5-4559-8884-4D2F78DED554')
INSERT [inspection_schedule_vhcl_cls] ([id], [insp_schedule_detail_id], [vhcl_class_id]) VALUES (NEWID(), N'B63E0E47-33E4-4879-BBF0-988AC5F8DD48', N'FA17A723-27C5-4559-8884-4D2F78DED554')
INSERT [inspection_schedule_vhcl_cls] ([id], [insp_schedule_detail_id], [vhcl_class_id]) VALUES (NEWID(), N'BB747065-C5C9-4F46-8757-0D2DC561920D', N'FA17A723-27C5-4559-8884-4D2F78DED554')
INSERT [inspection_schedule_vhcl_cls] ([id], [insp_schedule_detail_id], [vhcl_class_id]) VALUES (NEWID(), N'C039B8C4-362F-46BA-B672-E60771EE51A1', N'FA17A723-27C5-4559-8884-4D2F78DED554')
INSERT [inspection_schedule_vhcl_cls] ([id], [insp_schedule_detail_id], [vhcl_class_id]) VALUES (NEWID(), N'C54AE8DD-F603-427F-B07B-EED1C4D129F0', N'FA17A723-27C5-4559-8884-4D2F78DED554')
INSERT [inspection_schedule_vhcl_cls] ([id], [insp_schedule_detail_id], [vhcl_class_id]) VALUES (NEWID(), N'C75C7E3F-8CB6-4BD4-96A3-3209F442FA15', N'FA17A723-27C5-4559-8884-4D2F78DED554')
INSERT [inspection_schedule_vhcl_cls] ([id], [insp_schedule_detail_id], [vhcl_class_id]) VALUES (NEWID(), N'CAF60791-4D0D-4F3F-B7A0-1E8A56A4436F', N'FA17A723-27C5-4559-8884-4D2F78DED554')
INSERT [inspection_schedule_vhcl_cls] ([id], [insp_schedule_detail_id], [vhcl_class_id]) VALUES (NEWID(), N'CB6E826C-3F60-467D-AECB-03B1B54CDB2D', N'FA17A723-27C5-4559-8884-4D2F78DED554')
INSERT [inspection_schedule_vhcl_cls] ([id], [insp_schedule_detail_id], [vhcl_class_id]) VALUES (NEWID(), N'CE6E2A54-1233-404A-880B-5AF7CA287B2A', N'FA17A723-27C5-4559-8884-4D2F78DED554')
INSERT [inspection_schedule_vhcl_cls] ([id], [insp_schedule_detail_id], [vhcl_class_id]) VALUES (NEWID(), N'D7D53F13-0A9C-4A31-A38C-C9C63A830BD1', N'FA17A723-27C5-4559-8884-4D2F78DED554')
INSERT [inspection_schedule_vhcl_cls] ([id], [insp_schedule_detail_id], [vhcl_class_id]) VALUES (NEWID(), N'DA2AC0B2-0FC8-430F-8EF5-C92EDE0D3B17', N'FA17A723-27C5-4559-8884-4D2F78DED554')
INSERT [inspection_schedule_vhcl_cls] ([id], [insp_schedule_detail_id], [vhcl_class_id]) VALUES (NEWID(), N'E0603EC6-B5DE-4890-9354-B7AC9C6395AE', N'FA17A723-27C5-4559-8884-4D2F78DED554')
INSERT [inspection_schedule_vhcl_cls] ([id], [insp_schedule_detail_id], [vhcl_class_id]) VALUES (NEWID(), N'F0903016-B4AE-4273-8F42-D81333F9B7C0', N'FA17A723-27C5-4559-8884-4D2F78DED554')
INSERT [inspection_schedule_vhcl_cls] ([id], [insp_schedule_detail_id], [vhcl_class_id]) VALUES (NEWID(), N'F87C4638-0A79-4D4C-ACFE-1565C933A7B0', N'FA17A723-27C5-4559-8884-4D2F78DED554')
INSERT [inspection_schedule_vhcl_cls] ([id], [insp_schedule_detail_id], [vhcl_class_id]) VALUES (NEWID(), N'F8E0B7C6-BDA2-466B-BCAB-EFC8088158F5', N'FA17A723-27C5-4559-8884-4D2F78DED554')
INSERT [inspection_schedule_vhcl_cls] ([id], [insp_schedule_detail_id], [vhcl_class_id]) VALUES (NEWID(), N'FDB7E3C5-FEB4-446B-83E4-E7609375473C', N'FA17A723-27C5-4559-8884-4D2F78DED554')
INSERT [inspection_schedule_vhcl_cls] ([id], [insp_schedule_detail_id], [vhcl_class_id]) VALUES (NEWID(), N'FDFF48C9-CFC7-46E3-8DB1-7AFEC29ADD9D', N'FA17A723-27C5-4559-8884-4D2F78DED554')
INSERT [inspection_schedule_vhcl_cls] ([id], [insp_schedule_detail_id], [vhcl_class_id]) VALUES (NEWID(), N'09336F19-2641-43C5-ACF8-55748CDD0C83', N'92238E80-6125-4FD3-B50C-7290A85928B3')
INSERT [inspection_schedule_vhcl_cls] ([id], [insp_schedule_detail_id], [vhcl_class_id]) VALUES (NEWID(), N'1AFAC2B2-7860-46A2-BB3F-DB8A843BEDD4', N'92238E80-6125-4FD3-B50C-7290A85928B3')
INSERT [inspection_schedule_vhcl_cls] ([id], [insp_schedule_detail_id], [vhcl_class_id]) VALUES (NEWID(), N'218A5A33-65E2-42FD-8E07-FA447347AF22', N'92238E80-6125-4FD3-B50C-7290A85928B3')
INSERT [inspection_schedule_vhcl_cls] ([id], [insp_schedule_detail_id], [vhcl_class_id]) VALUES (NEWID(), N'258B60C3-8EBF-47E1-B575-759493BE1037', N'92238E80-6125-4FD3-B50C-7290A85928B3')
INSERT [inspection_schedule_vhcl_cls] ([id], [insp_schedule_detail_id], [vhcl_class_id]) VALUES (NEWID(), N'2AAB2547-0922-4B6A-B000-2A0A34268DFF', N'92238E80-6125-4FD3-B50C-7290A85928B3')
INSERT [inspection_schedule_vhcl_cls] ([id], [insp_schedule_detail_id], [vhcl_class_id]) VALUES (NEWID(), N'2B801B13-553E-4592-8874-417F2A117789', N'92238E80-6125-4FD3-B50C-7290A85928B3')
INSERT [inspection_schedule_vhcl_cls] ([id], [insp_schedule_detail_id], [vhcl_class_id]) VALUES (NEWID(), N'315028CB-9395-46CE-9B76-8242CC6B9807', N'92238E80-6125-4FD3-B50C-7290A85928B3')
INSERT [inspection_schedule_vhcl_cls] ([id], [insp_schedule_detail_id], [vhcl_class_id]) VALUES (NEWID(), N'33310905-EC18-448F-80C6-49FF2E2C4AA0', N'92238E80-6125-4FD3-B50C-7290A85928B3')
INSERT [inspection_schedule_vhcl_cls] ([id], [insp_schedule_detail_id], [vhcl_class_id]) VALUES (NEWID(), N'38267DE5-5DAA-4520-A248-975F81D2FFEB', N'92238E80-6125-4FD3-B50C-7290A85928B3')
INSERT [inspection_schedule_vhcl_cls] ([id], [insp_schedule_detail_id], [vhcl_class_id]) VALUES (NEWID(), N'3F5DB8E4-7154-4DF5-9204-0979F7B1D509', N'92238E80-6125-4FD3-B50C-7290A85928B3')
INSERT [inspection_schedule_vhcl_cls] ([id], [insp_schedule_detail_id], [vhcl_class_id]) VALUES (NEWID(), N'4025BFDC-A9BC-4EDC-B0C0-5857B5393FBF', N'92238E80-6125-4FD3-B50C-7290A85928B3')
INSERT [inspection_schedule_vhcl_cls] ([id], [insp_schedule_detail_id], [vhcl_class_id]) VALUES (NEWID(), N'42E36627-1973-43ED-862C-A5F79C5C44D9', N'92238E80-6125-4FD3-B50C-7290A85928B3')
INSERT [inspection_schedule_vhcl_cls] ([id], [insp_schedule_detail_id], [vhcl_class_id]) VALUES (NEWID(), N'4426B844-F969-4542-82CD-FE9CF50D8A1C', N'92238E80-6125-4FD3-B50C-7290A85928B3')
INSERT [inspection_schedule_vhcl_cls] ([id], [insp_schedule_detail_id], [vhcl_class_id]) VALUES (NEWID(), N'4496A328-3EC3-4823-BA05-8B7240FA3B8E', N'92238E80-6125-4FD3-B50C-7290A85928B3')
INSERT [inspection_schedule_vhcl_cls] ([id], [insp_schedule_detail_id], [vhcl_class_id]) VALUES (NEWID(), N'45BCB5C8-F415-4EE4-8FDE-79837B21263F', N'92238E80-6125-4FD3-B50C-7290A85928B3')
INSERT [inspection_schedule_vhcl_cls] ([id], [insp_schedule_detail_id], [vhcl_class_id]) VALUES (NEWID(), N'47D4EC1D-9EFF-48C4-A093-A8BE33E688A9', N'92238E80-6125-4FD3-B50C-7290A85928B3')
INSERT [inspection_schedule_vhcl_cls] ([id], [insp_schedule_detail_id], [vhcl_class_id]) VALUES (NEWID(), N'48E43EE4-0565-4628-8761-E636301B37BD', N'92238E80-6125-4FD3-B50C-7290A85928B3')
INSERT [inspection_schedule_vhcl_cls] ([id], [insp_schedule_detail_id], [vhcl_class_id]) VALUES (NEWID(), N'4D33DEB6-13FF-4105-B172-07D974B0BDA7', N'92238E80-6125-4FD3-B50C-7290A85928B3')
INSERT [inspection_schedule_vhcl_cls] ([id], [insp_schedule_detail_id], [vhcl_class_id]) VALUES (NEWID(), N'4FD3BF58-B4F9-4FBA-81EA-FA81E8B28059', N'92238E80-6125-4FD3-B50C-7290A85928B3')
INSERT [inspection_schedule_vhcl_cls] ([id], [insp_schedule_detail_id], [vhcl_class_id]) VALUES (NEWID(), N'53ADF9D4-A557-43EB-83F9-B148FFD06EBE', N'92238E80-6125-4FD3-B50C-7290A85928B3')
INSERT [inspection_schedule_vhcl_cls] ([id], [insp_schedule_detail_id], [vhcl_class_id]) VALUES (NEWID(), N'574B1625-C3A0-4941-9E9C-7FE0C8024A68', N'92238E80-6125-4FD3-B50C-7290A85928B3')
INSERT [inspection_schedule_vhcl_cls] ([id], [insp_schedule_detail_id], [vhcl_class_id]) VALUES (NEWID(), N'59474BF2-943C-4DA7-93F5-A554C3A0CD46', N'92238E80-6125-4FD3-B50C-7290A85928B3')
INSERT [inspection_schedule_vhcl_cls] ([id], [insp_schedule_detail_id], [vhcl_class_id]) VALUES (NEWID(), N'59A4C787-EBEE-44F0-BF38-9F31C5925B41', N'92238E80-6125-4FD3-B50C-7290A85928B3')
INSERT [inspection_schedule_vhcl_cls] ([id], [insp_schedule_detail_id], [vhcl_class_id]) VALUES (NEWID(), N'5B08FB6E-190E-452E-B827-2D3060411369', N'92238E80-6125-4FD3-B50C-7290A85928B3')
INSERT [inspection_schedule_vhcl_cls] ([id], [insp_schedule_detail_id], [vhcl_class_id]) VALUES (NEWID(), N'5B347AB3-6566-47CD-9F0A-F7CFF69150BF', N'92238E80-6125-4FD3-B50C-7290A85928B3')
INSERT [inspection_schedule_vhcl_cls] ([id], [insp_schedule_detail_id], [vhcl_class_id]) VALUES (NEWID(), N'627B5E2E-E39C-42D0-9A0F-3FB5F95E5725', N'92238E80-6125-4FD3-B50C-7290A85928B3')
INSERT [inspection_schedule_vhcl_cls] ([id], [insp_schedule_detail_id], [vhcl_class_id]) VALUES (NEWID(), N'6F3BE111-5E03-4801-9A15-C5A385CC0A1F', N'92238E80-6125-4FD3-B50C-7290A85928B3')
INSERT [inspection_schedule_vhcl_cls] ([id], [insp_schedule_detail_id], [vhcl_class_id]) VALUES (NEWID(), N'745013BF-DBBC-4A13-9EA9-3C3509C80E45', N'92238E80-6125-4FD3-B50C-7290A85928B3')
INSERT [inspection_schedule_vhcl_cls] ([id], [insp_schedule_detail_id], [vhcl_class_id]) VALUES (NEWID(), N'76754EF4-492C-4327-8946-4891BC3055AE', N'92238E80-6125-4FD3-B50C-7290A85928B3')
INSERT [inspection_schedule_vhcl_cls] ([id], [insp_schedule_detail_id], [vhcl_class_id]) VALUES (NEWID(), N'78280B57-6171-447C-9992-2ABD8E5CD438', N'92238E80-6125-4FD3-B50C-7290A85928B3')
INSERT [inspection_schedule_vhcl_cls] ([id], [insp_schedule_detail_id], [vhcl_class_id]) VALUES (NEWID(), N'806B81D4-C92D-49DF-B7E3-2AA506DB5E8E', N'92238E80-6125-4FD3-B50C-7290A85928B3')
INSERT [inspection_schedule_vhcl_cls] ([id], [insp_schedule_detail_id], [vhcl_class_id]) VALUES (NEWID(), N'8114F9CD-523A-47B7-957D-1644F81263FB', N'92238E80-6125-4FD3-B50C-7290A85928B3')
INSERT [inspection_schedule_vhcl_cls] ([id], [insp_schedule_detail_id], [vhcl_class_id]) VALUES (NEWID(), N'82600A39-AC93-4949-A439-E0E300765E79', N'92238E80-6125-4FD3-B50C-7290A85928B3')
INSERT [inspection_schedule_vhcl_cls] ([id], [insp_schedule_detail_id], [vhcl_class_id]) VALUES (NEWID(), N'835704DE-56D1-4DB9-8709-C81B9C258FE3', N'92238E80-6125-4FD3-B50C-7290A85928B3')
INSERT [inspection_schedule_vhcl_cls] ([id], [insp_schedule_detail_id], [vhcl_class_id]) VALUES (NEWID(), N'86F8DFB5-857D-4D34-9114-B87F31EC7083', N'92238E80-6125-4FD3-B50C-7290A85928B3')
INSERT [inspection_schedule_vhcl_cls] ([id], [insp_schedule_detail_id], [vhcl_class_id]) VALUES (NEWID(), N'8E0365CE-DE4D-475B-BA91-3959598F9F9A', N'92238E80-6125-4FD3-B50C-7290A85928B3')
INSERT [inspection_schedule_vhcl_cls] ([id], [insp_schedule_detail_id], [vhcl_class_id]) VALUES (NEWID(), N'8EAD1CB4-265F-490A-B7F8-CB7EB6065D89', N'92238E80-6125-4FD3-B50C-7290A85928B3')
INSERT [inspection_schedule_vhcl_cls] ([id], [insp_schedule_detail_id], [vhcl_class_id]) VALUES (NEWID(), N'8F525021-8D7C-4A12-BA5F-78848DC5514B', N'92238E80-6125-4FD3-B50C-7290A85928B3')
INSERT [inspection_schedule_vhcl_cls] ([id], [insp_schedule_detail_id], [vhcl_class_id]) VALUES (NEWID(), N'9061D542-9986-4891-8DDD-DE1A48DC20F1', N'92238E80-6125-4FD3-B50C-7290A85928B3')
INSERT [inspection_schedule_vhcl_cls] ([id], [insp_schedule_detail_id], [vhcl_class_id]) VALUES (NEWID(), N'9530472A-8773-49CE-907D-6E011774E108', N'92238E80-6125-4FD3-B50C-7290A85928B3')
INSERT [inspection_schedule_vhcl_cls] ([id], [insp_schedule_detail_id], [vhcl_class_id]) VALUES (NEWID(), N'9763BFDA-709D-4165-B71B-58C87E14797F', N'92238E80-6125-4FD3-B50C-7290A85928B3')
INSERT [inspection_schedule_vhcl_cls] ([id], [insp_schedule_detail_id], [vhcl_class_id]) VALUES (NEWID(), N'98F5F1F6-F9B8-46B0-BC20-A6E7023BAED5', N'92238E80-6125-4FD3-B50C-7290A85928B3')
INSERT [inspection_schedule_vhcl_cls] ([id], [insp_schedule_detail_id], [vhcl_class_id]) VALUES (NEWID(), N'9BB763C0-0F0E-440C-988A-96C09B10EEEE', N'92238E80-6125-4FD3-B50C-7290A85928B3')
INSERT [inspection_schedule_vhcl_cls] ([id], [insp_schedule_detail_id], [vhcl_class_id]) VALUES (NEWID(), N'9D1E8956-78D0-439C-BD95-E7FBB1FDABAB', N'92238E80-6125-4FD3-B50C-7290A85928B3')
INSERT [inspection_schedule_vhcl_cls] ([id], [insp_schedule_detail_id], [vhcl_class_id]) VALUES (NEWID(), N'9D39BED3-2BCC-451E-9377-A6EB0C5E2F8F', N'92238E80-6125-4FD3-B50C-7290A85928B3')
INSERT [inspection_schedule_vhcl_cls] ([id], [insp_schedule_detail_id], [vhcl_class_id]) VALUES (NEWID(), N'9F392819-7F58-4ECD-91E6-5E15BAF28CB3', N'92238E80-6125-4FD3-B50C-7290A85928B3')
INSERT [inspection_schedule_vhcl_cls] ([id], [insp_schedule_detail_id], [vhcl_class_id]) VALUES (NEWID(), N'B1C11A75-6E43-4490-8177-6247C4B7E403', N'92238E80-6125-4FD3-B50C-7290A85928B3')
INSERT [inspection_schedule_vhcl_cls] ([id], [insp_schedule_detail_id], [vhcl_class_id]) VALUES (NEWID(), N'B63E0E47-33E4-4879-BBF0-988AC5F8DD48', N'92238E80-6125-4FD3-B50C-7290A85928B3')
INSERT [inspection_schedule_vhcl_cls] ([id], [insp_schedule_detail_id], [vhcl_class_id]) VALUES (NEWID(), N'BB747065-C5C9-4F46-8757-0D2DC561920D', N'92238E80-6125-4FD3-B50C-7290A85928B3')
INSERT [inspection_schedule_vhcl_cls] ([id], [insp_schedule_detail_id], [vhcl_class_id]) VALUES (NEWID(), N'C039B8C4-362F-46BA-B672-E60771EE51A1', N'92238E80-6125-4FD3-B50C-7290A85928B3')
INSERT [inspection_schedule_vhcl_cls] ([id], [insp_schedule_detail_id], [vhcl_class_id]) VALUES (NEWID(), N'C54AE8DD-F603-427F-B07B-EED1C4D129F0', N'92238E80-6125-4FD3-B50C-7290A85928B3')
INSERT [inspection_schedule_vhcl_cls] ([id], [insp_schedule_detail_id], [vhcl_class_id]) VALUES (NEWID(), N'C75C7E3F-8CB6-4BD4-96A3-3209F442FA15', N'92238E80-6125-4FD3-B50C-7290A85928B3')
INSERT [inspection_schedule_vhcl_cls] ([id], [insp_schedule_detail_id], [vhcl_class_id]) VALUES (NEWID(), N'CAF60791-4D0D-4F3F-B7A0-1E8A56A4436F', N'92238E80-6125-4FD3-B50C-7290A85928B3')
INSERT [inspection_schedule_vhcl_cls] ([id], [insp_schedule_detail_id], [vhcl_class_id]) VALUES (NEWID(), N'CB6E826C-3F60-467D-AECB-03B1B54CDB2D', N'92238E80-6125-4FD3-B50C-7290A85928B3')
INSERT [inspection_schedule_vhcl_cls] ([id], [insp_schedule_detail_id], [vhcl_class_id]) VALUES (NEWID(), N'CE6E2A54-1233-404A-880B-5AF7CA287B2A', N'92238E80-6125-4FD3-B50C-7290A85928B3')
INSERT [inspection_schedule_vhcl_cls] ([id], [insp_schedule_detail_id], [vhcl_class_id]) VALUES (NEWID(), N'D7D53F13-0A9C-4A31-A38C-C9C63A830BD1', N'92238E80-6125-4FD3-B50C-7290A85928B3')
INSERT [inspection_schedule_vhcl_cls] ([id], [insp_schedule_detail_id], [vhcl_class_id]) VALUES (NEWID(), N'DA2AC0B2-0FC8-430F-8EF5-C92EDE0D3B17', N'92238E80-6125-4FD3-B50C-7290A85928B3')
INSERT [inspection_schedule_vhcl_cls] ([id], [insp_schedule_detail_id], [vhcl_class_id]) VALUES (NEWID(), N'E0603EC6-B5DE-4890-9354-B7AC9C6395AE', N'92238E80-6125-4FD3-B50C-7290A85928B3')
INSERT [inspection_schedule_vhcl_cls] ([id], [insp_schedule_detail_id], [vhcl_class_id]) VALUES (NEWID(), N'F0903016-B4AE-4273-8F42-D81333F9B7C0', N'92238E80-6125-4FD3-B50C-7290A85928B3')
INSERT [inspection_schedule_vhcl_cls] ([id], [insp_schedule_detail_id], [vhcl_class_id]) VALUES (NEWID(), N'F87C4638-0A79-4D4C-ACFE-1565C933A7B0', N'92238E80-6125-4FD3-B50C-7290A85928B3')
INSERT [inspection_schedule_vhcl_cls] ([id], [insp_schedule_detail_id], [vhcl_class_id]) VALUES (NEWID(), N'F8E0B7C6-BDA2-466B-BCAB-EFC8088158F5', N'92238E80-6125-4FD3-B50C-7290A85928B3')
INSERT [inspection_schedule_vhcl_cls] ([id], [insp_schedule_detail_id], [vhcl_class_id]) VALUES (NEWID(), N'FDB7E3C5-FEB4-446B-83E4-E7609375473C', N'92238E80-6125-4FD3-B50C-7290A85928B3')
INSERT [inspection_schedule_vhcl_cls] ([id], [insp_schedule_detail_id], [vhcl_class_id]) VALUES (NEWID(), N'FDFF48C9-CFC7-46E3-8DB1-7AFEC29ADD9D', N'92238E80-6125-4FD3-B50C-7290A85928B3')



